first_name,last_name,position,injury_status,week,game_date,slate,team,opp,spread,over_under,implied_team_score,salary,L5_dvp_rank,L5_ppg_floor,L5_ppg_avg,L5_ppg_max,ppg_projection,value_projection,ppg_actual,value_actual
Tyreek,Hill,WR,,11,2023-11-19,Thu-Mon,MIA,LV,-13,46.5,29.8,9300,6,13.5,26.8,35.1,25.6,2.75
Patrick,Mahomes,QB,,11,2023-11-20,Thu-Mon,KC,PHI,-3,45.5,24.3,8000,30,8.6,20.8,37.9,22.4,2.80
Christian,McCaffrey,RB,,11,2023-11-19,Thu-Mon,SF,TB,-12,41.5,26.8,9300,2,14.2,20.5,29.8,22.1,2.38
Lamar,Jackson,QB,,11,2023-11-16,Thu-Mon,BAL,CIN,-3.5,46.5,25,7900,21,12.0,19.1,37.9,21.9,2.77
CeeDee,Lamb,WR,,11,2023-11-19,Thu-Mon,DAL,CAR,-10.5,42.5,26.5,9200,4,8.9,29.8,44.0,21.6,2.35
Amon-Ra,St. Brown,WR,,11,2023-11-19,Thu-Mon,DET,CHI,-7.5,47.5,27.5,8800,16,16.6,25.9,33.5,21.4,2.43
Jalen,Hurts,QB,Q,11,2023-11-20,Thu-Mon,PHI,KC,+3,45.5,21.3,8300,5,22.9,27.3,31.4,20.9,2.52
Jared,Goff,QB,,11,2023-11-19,Thu-Mon,DET,CHI,-7.5,47.5,27.5,6600,20,10.4,20.2,27.4,20.7,3.14
Ja'Marr,Chase,WR,,11,2023-11-16,Thu-Mon,CIN,BAL,+3.5,46.5,21.5,8700,8,8.1,26.4,55.2,20.5,2.36
Keenan,Allen,WR,Q,11,2023-11-19,Thu-Mon,LAC,GB,-3,44,23.5,9000,5,9.5,21.0,43.5,20.4,2.27
Tua,Tagovailoa,QB,,11,2023-11-19,Thu-Mon,MIA,LV,-13,46.5,29.8,7700,7,11.3,19.0,26.8,20.4,2.65
C.J.,Stroud,QB,,11,2023-11-19,Thu-Mon,HOU,ARI,-4.5,49,26.8,7000,23,12.9,22.4,44.8,20.3,2.90
Josh,Allen,QB,,11,2023-11-19,Thu-Mon,BUF,NYJ,-7,39.5,23.3,8200,9,14.9,22.3,33.1,20.1,2.45
Justin,Herbert,QB,,11,2023-11-19,Thu-Mon,LAC,GB,-3,44,23.5,7600,2,12.9,22.8,32.4,19.7,2.59
Cooper,Kupp,WR,,11,2023-11-19,Thu-Mon,LAR,SEA,+0.5,46.5,23,8100,19,6.1,14.7,30.8,19.7,2.43
Brock,Purdy,QB,,11,2023-11-19,Thu-Mon,SF,TB,-12,41.5,26.8,5800,29,8.7,19.5,26.1,19.4,3.34
Austin,Ekeler,RB,,11,2023-11-19,Thu-Mon,LAC,GB,-3,44,23.5,8600,27,5.6,18.2,29.4,19.4,2.26
Kyler,Murray,QB,,11,2023-11-19,Thu-Mon,ARI,HOU,+4.5,49,22.3,6100,19,0.7,19.0,29.6,19.4,3.18
Travis,Kelce,TE,,11,2023-11-20,Thu-Mon,KC,PHI,-3,45.5,24.3,8100,18,4.4,20.4,38.9,19.3,2.38
Dak,Prescott,QB,,11,2023-11-19,Thu-Mon,DAL,CAR,-10.5,42.5,26.5,7300,3,7.3,27.5,41.9,19.3,2.64
Sam,Howell,QB,,11,2023-11-19,Thu-Mon,WAS,NYG,-9,37,23,6300,17,10.5,22.7,35.0,19.2,3.05
Justin,Fields,QB,,11,2023-11-19,Thu-Mon,CHI,DET,+7.5,47.5,20,6900,26,5.9,20.0,33.0,19.0,2.75
Joe,Burrow,QB,,11,2023-11-16,Thu-Mon,CIN,BAL,+3.5,46.5,21.5,6800,1,14.8,23.8,27.6,18.5,2.72
A.J.,Brown,WR,,11,2023-11-20,Thu-Mon,PHI,KC,+3,45.5,21.3,8900,11,19.6,26.6,36.0,18.5,2.08
Joshua,Dobbs,QB,,11,2023-11-19,Thu-Mon,MIN,DEN,+2.5,42.5,20,5700,27,12.1,20.6,25.1,18.5,3.25
Stefon,Diggs,WR,,11,2023-11-19,Thu-Mon,BUF,NYJ,-7,39.5,23.3,9100,1,6.4,17.2,23.0,18.0,1.98
Geno,Smith,QB,,11,2023-11-19,Thu-Mon,SEA,LAR,-0.5,46.5,23.5,5900,18,4.7,15.9,27.1,17.7,3.00
Trevor,Lawrence,QB,,11,2023-11-19,Thu-Mon,JAX,TEN,-7,40,23.5,6000,12,5.1,15.1,20.7,17.6,2.93
Matthew,Stafford,QB,,11,2023-11-19,Thu-Mon,LAR,SEA,+0.5,46.5,23,6400,24,12.4,15.1,20.2,17.6,2.75
Justin,Jefferson,WR,IR,11,2023-11-19,Thu-Mon,MIN,DEN,+2.5,42.5,20,8900,7,5.8,23.8,30.9,17.3,1.94
Russell,Wilson,QB,,11,2023-11-19,Thu-Mon,DEN,MIN,-2.5,42.5,22.5,5200,16,8.9,16.0,19.7,17.1,3.29
Jaylen,Waddle,WR,,11,2023-11-19,Thu-Mon,MIA,LV,-13,46.5,29.8,7600,6,8.4,16.3,28.1,16.4,2.16
Travis,Etienne Jr.,RB,,11,2023-11-19,Thu-Mon,JAX,TEN,-7,40,23.5,7200,14,6.4,23.5,39.4,16.4,2.28
Jordan,Love,QB,,11,2023-11-19,Thu-Mon,GB,LAC,+3,44,20.5,5600,32,8.0,14.5,18.7,16.4,2.93
Brandon,Aiyuk,WR,,11,2023-11-19,Thu-Mon,SF,TB,-12,41.5,26.8,7200,29,9.8,13.1,18.9,16.1,2.24
Puka,Nacua,WR,Q,11,2023-11-19,Thu-Mon,LAR,SEA,+0.5,46.5,23,7100,19,6.2,13.3,26.4,16.0,2.25
Davante,Adams,WR,,11,2023-11-19,Thu-Mon,LV,MIA,+13,46.5,16.8,7900,20,2.1,8.3,14.6,15.8,2.00
Tank,Dell,WR,,11,2023-11-19,Thu-Mon,HOU,ARI,-4.5,49,26.8,5900,18,3.9,14.0,32.6,15.8,2.68
Saquon,Barkley,RB,Q,11,2023-11-19,Thu-Mon,NYG,WAS,+9,37,14,7100,16,7.1,14.8,19.8,15.8,2.23
Josh,Jacobs,RB,,11,2023-11-19,Thu-Mon,LV,MIA,+13,46.5,16.8,6800,13,5.1,14.3,21.8,15.7,2.31
Mike,Evans,WR,Q,11,2023-11-19,Thu-Mon,TB,SF,+12,41.5,14.8,7400,25,8.9,16.8,29.3,15.7,2.12
Breece,Hall,RB,,11,2023-11-19,Thu-Mon,NYJ,BUF,+7,39.5,16.3,6400,18,9.9,18.7,31.4,15.6,2.44
Adam,Thielen,WR,,11,2023-11-19,Thu-Mon,CAR,DAL,+10.5,42.5,16,7500,3,7.9,19.1,31.5,15.1,2.01
Tony,Pollard,RB,,11,2023-11-19,Thu-Mon,DAL,CAR,-10.5,42.5,26.5,6600,31,5.5,9.5,17.0,14.9,2.26
DK,Metcalf,WR,,11,2023-11-19,Thu-Mon,SEA,LAR,-0.5,46.5,23.5,6900,13,6.0,11.6,16.8,14.8,2.14
Christian,Kirk,WR,,11,2023-11-19,Thu-Mon,JAX,TEN,-7,40,23.5,6000,26,8.6,15.1,20.0,14.7,2.45
Jahmyr,Gibbs,RB,,11,2023-11-19,Thu-Mon,DET,CHI,-7.5,47.5,27.5,7000,21,9.1,21.0,32.9,14.7,2.10
T.J.,Hockenson,TE,Q,11,2023-11-19,Thu-Mon,MIN,DEN,+2.5,42.5,20,5600,32,11.0,19.7,33.4,14.7,2.63
Baker,Mayfield,QB,,11,2023-11-19,Thu-Mon,TB,SF,+12,41.5,14.8,5300,6,7.8,16.6,19.4,14.6,2.75
Garrett,Wilson,WR,Q,11,2023-11-19,Thu-Mon,NYJ,BUF,+7,39.5,16.3,6400,12,8.4,15.9,20.6,14.6,2.28
Tyler,Lockett,WR,Q,11,2023-11-19,Thu-Mon,SEA,LAR,-0.5,46.5,23.5,6500,13,6.2,12.9,25.9,14.6,2.25
James,Conner,RB,,11,2023-11-19,Thu-Mon,ARI,HOU,+4.5,49,22.3,5700,20,4.6,11.5,19.6,14.5,2.54
Aaron,Jones,RB,Q,11,2023-11-19,Thu-Mon,GB,LAC,+3,44,20.5,6200,29,2.4,9.6,18.9,14.4,2.32
Kenneth,Walker III,RB,,11,2023-11-19,Thu-Mon,SEA,LAR,-0.5,46.5,23.5,6700,10,2.7,12.9,19.7,14.3,2.13
Deebo,Samuel,WR,,11,2023-11-19,Thu-Mon,SF,TB,-12,41.5,26.8,6300,29,0.6,11.4,28.1,14.2,2.25
Raheem,Mostert,RB,Q,11,2023-11-19,Thu-Mon,MIA,LV,-13,46.5,29.8,6900,25,6.1,16.8,37.2,14.2,2.06
Mark,Andrews,TE,,11,2023-11-16,Thu-Mon,BAL,CIN,-3.5,46.5,25,6700,30,6.4,14.1,22.3,13.9,2.07
DeVonta,Smith,WR,,11,2023-11-20,Thu-Mon,PHI,KC,+3,45.5,21.3,7000,11,1.6,11.4,22.9,13.9,1.99
Joe,Mixon,RB,,11,2023-11-16,Thu-Mon,CIN,BAL,+3.5,46.5,21.5,6100,12,9.2,14.6,20.0,13.9,2.28
D'Andre,Swift,RB,,11,2023-11-20,Thu-Mon,PHI,KC,+3,45.5,21.3,6700,11,9.4,14.0,18.8,13.6,2.03
Javonte,Williams,RB,,11,2023-11-19,Thu-Mon,DEN,MIN,-2.5,42.5,22.5,5500,8,3.9,10.2,18.8,13.5,2.45
Bryce,Young,QB,,11,2023-11-19,Thu-Mon,CAR,DAL,+10.5,42.5,16,5100,11,9.2,13.7,20.3,13.5,2.65
Derrick,Henry,RB,,11,2023-11-19,Thu-Mon,TEN,JAX,+7,40,16.5,6300,15,3.0,14.0,19.3,13.5,2.14
Marquise,Brown,WR,,11,2023-11-19,Thu-Mon,ARI,HOU,+4.5,49,22.3,5300,14,3.8,8.2,15.3,13.4,2.53
Will,Levis,QB,,11,2023-11-19,Thu-Mon,TEN,JAX,+7,40,16.5,5200,28,7.0,14.4,26.6,13.4,2.58
Isiah,Pacheco,RB,,11,2023-11-20,Thu-Mon,KC,PHI,-3,45.5,24.3,6300,1,6.6,11.7,16.0,13.3,2.11
Terry,McLaurin,WR,,11,2023-11-19,Thu-Mon,WAS,NYG,-9,37,23,5800,30,7.3,13.2,17.3,13.3,2.29
Tommy,DeVito,QB,Q,11,2023-11-19,Thu-Mon,NYG,WAS,+9,37,14,5000,31,7.2,10.8,14.5,13.2,2.64
DJ,Moore,WR,,11,2023-11-19,Thu-Mon,CHI,DET,+7.5,47.5,20,5600,22,6.4,10.1,13.4,13.1,2.34
Dorian,Thompson-Robinson,QB,,11,2023-11-19,Thu-Mon,CLE,PIT,-0.5,33,16.8,4500,14,0.0,1.5,4.2,13.0,2.89
Courtland,Sutton,WR,,11,2023-11-19,Thu-Mon,DEN,MIN,-2.5,42.5,22.5,5200,24,2.3,13.1,19.6,13.0,2.50
Chris,Godwin,WR,,11,2023-11-19,Thu-Mon,TB,SF,+12,41.5,14.8,6600,25,3.6,11.4,17.8,12.9,1.95
Zay,Flowers,WR,,11,2023-11-16,Thu-Mon,BAL,CIN,-3.5,46.5,25,5700,17,2.1,10.0,17.1,12.9,2.26
Nico,Collins,WR,Q,11,2023-11-19,Thu-Mon,HOU,ARI,-4.5,49,26.8,6700,18,6.9,15.8,38.8,12.8,1.91
Rachaad,White,RB,,11,2023-11-19,Thu-Mon,TB,SF,+12,41.5,14.8,6000,9,6.8,17.3,27.9,12.7,2.12
Dalton,Schultz,TE,Q,11,2023-11-19,Thu-Mon,HOU,ARI,-4.5,49,26.8,5000,4,2.5,16.0,31.0,12.6,2.52
Brian,Robinson Jr.,RB,,11,2023-11-19,Thu-Mon,WAS,NYG,-9,37,23,5800,22,8.3,15.0,30.7,12.4,2.14
Amari,Cooper,WR,,11,2023-11-19,Thu-Mon,CLE,PIT,-0.5,33,16.8,6200,27,4.2,16.1,27.9,12.4,2.00
Sam,LaPorta,TE,,11,2023-11-19,Thu-Mon,DET,CHI,-7.5,47.5,27.5,5800,29,7.6,13.2,19.7,12.3,2.12
Evan,Engram,TE,,11,2023-11-19,Thu-Mon,JAX,TEN,-7,40,23.5,4300,2,5.2,10.1,17.8,12.2,2.84
Zach,Wilson,QB,,11,2023-11-19,Thu-Mon,NYJ,BUF,+7,39.5,16.3,4800,8,8.9,13.5,20.2,12.1,2.52
Dalton,Kincaid,TE,,11,2023-11-19,Thu-Mon,BUF,NYJ,-7,39.5,23.3,4900,23,3.9,12.1,17.5,12.1,2.47
DeAndre,Hopkins,WR,,11,2023-11-19,Thu-Mon,TEN,JAX,+7,40,16.5,6100,21,3.0,16.4,37.8,11.9,1.95
George,Kittle,TE,,11,2023-11-19,Thu-Mon,SF,TB,-12,41.5,26.8,6400,19,1.1,18.5,27.7,11.8,1.84
De'Von,Achane,RB,IR,11,2023-11-19,Thu-Mon,MIA,LV,-13,46.5,29.8,6600,25,1.9,27.9,54.3,11.8,1.79
Kenny,Pickett,QB,,11,2023-11-19,Thu-Mon,PIT,CLE,+0.5,33,16.3,4800,4,3.9,9.7,15.2,11.8,2.46
Jerome,Ford,RB,,11,2023-11-19,Thu-Mon,CLE,PIT,-0.5,33,16.8,5200,23,4.9,12.2,17.4,11.7,2.25
Jordan,Addison,WR,,11,2023-11-19,Thu-Mon,MIN,DEN,+2.5,42.5,20,5900,7,10.2,17.7,34.3,11.6,1.97
Jakobi,Meyers,WR,,11,2023-11-19,Thu-Mon,LV,MIA,+13,46.5,16.8,6100,20,2.9,11.1,18.0,11.6,1.90
Tyler,Boyd,WR,,11,2023-11-16,Thu-Mon,CIN,BAL,+3.5,46.5,21.5,5000,8,8.6,14.3,22.7,11.6,2.32
Calvin,Ridley,WR,,11,2023-11-19,Thu-Mon,JAX,TEN,-7,40,23.5,5400,26,1.5,10.0,23.6,11.5,2.13
David,Montgomery,RB,,11,2023-11-19,Thu-Mon,DET,CHI,-7.5,47.5,27.5,6500,21,4.3,19.9,37.1,11.4,1.75
Aidan,O'Connell,QB,,11,2023-11-19,Thu-Mon,LV,MIA,+13,46.5,16.8,4900,22,6.0,9.2,12.8,11.0,2.24
Najee,Harris,RB,,11,2023-11-19,Thu-Mon,PIT,CLE,+0.5,33,16.3,5100,6,5.0,13.1,18.6,10.9,2.14
Chuba,Hubbard,RB,,11,2023-11-19,Thu-Mon,CAR,DAL,+10.5,42.5,16,4900,7,4.5,8.9,16.0,10.9,2.22
Devin,Singletary,RB,,11,2023-11-19,Thu-Mon,HOU,ARI,-4.5,49,26.8,5300,30,0.0,8.8,26.1,10.9,2.06
Rashee,Rice,WR,,11,2023-11-20,Thu-Mon,KC,PHI,-3,45.5,24.3,5300,32,9.6,12.2,17.0,10.8,2.04
Gabe,Davis,WR,,11,2023-11-19,Thu-Mon,BUF,NYJ,-7,39.5,23.3,5500,1,0.0,10.9,25.0,10.8,1.96
Jaylen,Warren,RB,,11,2023-11-19,Thu-Mon,PIT,CLE,+0.5,33,16.3,5100,6,7.8,13.0,22.0,10.7,2.10
Jake,Ferguson,TE,,11,2023-11-19,Thu-Mon,DAL,CAR,-10.5,42.5,26.5,4600,7,2.5,11.5,22.1,10.7,2.33
Jahan,Dotson,WR,,11,2023-11-19,Thu-Mon,WAS,NYG,-9,37,23,5100,30,0.0,10.8,27.8,10.6,2.08
James,Cook,RB,,11,2023-11-19,Thu-Mon,BUF,NYJ,-7,39.5,23.3,6100,24,5.1,9.5,19.2,10.6,1.74
Diontae,Johnson,WR,Q,11,2023-11-19,Thu-Mon,PIT,CLE,+0.5,33,16.3,5000,2,2.7,12.4,22.0,10.6,2.12
Darrell,Henderson Jr.,RB,,11,2023-11-19,Thu-Mon,LAR,SEA,+0.5,46.5,23,5000,28,0.9,8.3,13.6,10.4,2.08
Trey,McBride,TE,,11,2023-11-19,Thu-Mon,ARI,HOU,+4.5,49,22.3,4400,31,5.2,14.2,25.5,10.0,2.27
Ty,Chandler,RB,,11,2023-11-19,Thu-Mon,MIN,DEN,+2.5,42.5,20,4800,32,0.0,2.5,10.5,10.0,2.08
Jerry,Jeudy,WR,,11,2023-11-19,Thu-Mon,DEN,MIN,-2.5,42.5,22.5,5100,24,4.4,9.6,13.0,9.8,1.92
Gus,Edwards,RB,,11,2023-11-16,Thu-Mon,BAL,CIN,-3.5,46.5,25,5900,17,6.3,16.8,29.4,9.7,1.64
Jaxon,Smith-Njigba,WR,,11,2023-11-19,Thu-Mon,SEA,LAR,-0.5,46.5,23.5,4300,13,8.8,11.9,16.3,9.3,2.16
George,Pickens,WR,,11,2023-11-19,Thu-Mon,PIT,CLE,+0.5,33,16.3,4900,2,1.9,13.4,29.6,9.3,1.90
Cole,Kmet,TE,,11,2023-11-19,Thu-Mon,CHI,DET,+7.5,47.5,20,4100,22,0.0,10.8,23.5,9.3,2.27
Brandin,Cooks,WR,,11,2023-11-19,Thu-Mon,DAL,CAR,-10.5,42.5,26.5,4700,4,1.7,13.7,35.3,9.2,1.96
Curtis,Samuel,WR,Q,11,2023-11-19,Thu-Mon,WAS,NYG,-9,37,23,3600,30,2.6,9.6,18.5,9.2,2.56
Cowboys,,DST,,11,2023-11-19,Thu-Mon,DAL,CAR,-10.5,42.5,26.5,4100,27,-1.0,5.2,13.0,9.2,2.24
Romeo,Doubs,WR,,11,2023-11-19,Thu-Mon,GB,LAC,+3,44,20.5,5200,31,1.4,8.6,12.1,9.1,1.75
Noah,Brown,WR,Q,11,2023-11-19,Thu-Mon,HOU,ARI,-4.5,49,26.8,4800,18,4.9,15.4,30.3,9.1,1.90
Quentin,Johnston,WR,,11,2023-11-19,Thu-Mon,LAC,GB,-3,44,23.5,4200,5,0.0,5.8,13.4,9.0,2.14
Logan,Thomas,TE,,11,2023-11-19,Thu-Mon,WAS,NYG,-9,37,23,3700,3,1.2,8.6,16.4,9.0,2.43
Alexander,Mattison,RB,Q,11,2023-11-19,Thu-Mon,MIN,DEN,+2.5,42.5,20,5400,32,4.3,8.7,17.3,8.9,1.65
Jayden,Reed,WR,,11,2023-11-19,Thu-Mon,GB,LAC,+3,44,20.5,4000,31,1.7,10.3,19.4,8.9,2.23
David,Njoku,TE,,11,2023-11-19,Thu-Mon,CLE,PIT,-0.5,33,16.8,3900,6,5.4,11.6,17.7,8.7,2.23
Steelers,,DST,,11,2023-11-19,Thu-Mon,PIT,CLE,+0.5,33,16.3,3500,28,5.0,9.2,16.0,8.7,2.49
Michael,Wilson,WR,,11,2023-11-19,Thu-Mon,ARI,HOU,+4.5,49,22.3,3400,14,2.8,6.8,9.8,8.7,2.56
Christian,Watson,WR,Q,11,2023-11-19,Thu-Mon,GB,LAC,+3,44,20.5,4600,31,4.3,6.5,11.6,8.6,1.87
Trenton,Irwin,WR,,11,2023-11-16,Thu-Mon,CIN,BAL,+3.5,46.5,21.5,3600,8,0.0,6.4,14.0,8.5,2.36
Browns,,DST,,11,2023-11-19,Thu-Mon,CLE,PIT,-0.5,33,16.8,3700,11,5.0,13.0,23.0,8.3,2.24
Antonio,Gibson,RB,Q,11,2023-11-19,Thu-Mon,WAS,NYG,-9,37,23,4700,22,5.1,10.4,16.5,8.2,1.74
Jalen,Guyton,WR,,11,2023-11-19,Thu-Mon,LAC,GB,-3,44,23.5,3300,5,3.1,9.2,14.1,8.2,2.48
49ers,,DST,,11,2023-11-19,Thu-Mon,SF,TB,-12,41.5,26.8,3900,8,2.0,9.8,20.0,8.1,2.08
Bills,,DST,,11,2023-11-19,Thu-Mon,BUF,NYJ,-7,39.5,23.3,4000,29,1.0,4.4,7.0,8.0,2.00
Elijah,Moore,WR,,11,2023-11-19,Thu-Mon,CLE,PIT,-0.5,33,16.8,3500,27,3.4,8.1,15.4,8.0,2.29
Wan'Dale,Robinson,WR,Q,11,2023-11-19,Thu-Mon,NYG,WAS,+9,37,14,3500,28,1.7,7.0,14.2,7.9,2.26
Zay,Jones,WR,Q,11,2023-11-19,Thu-Mon,JAX,TEN,-7,40,23.5,4100,26,0.0,12.5,21.4,7.9,1.93
Dolphins,,DST,,11,2023-11-19,Thu-Mon,MIA,LV,-13,46.5,29.8,3200,24,5.0,7.8,12.0,7.8,2.44
Jaguars,,DST,,11,2023-11-19,Thu-Mon,JAX,TEN,-7,40,23.5,3400,21,1.0,7.6,12.0,7.8,2.29
Odell,Beckham Jr.,WR,,11,2023-11-16,Thu-Mon,BAL,CIN,-3.5,46.5,25,3600,17,0.0,8.4,15.6,7.8,2.17
Zach,Charbonnet,RB,,11,2023-11-19,Thu-Mon,SEA,LAR,-0.5,46.5,23.5,4600,10,2.3,6.0,10.2,7.8,1.70
D'Onta,Foreman,RB,Q,11,2023-11-19,Thu-Mon,CHI,DET,+7.5,47.5,20,5600,5,4.6,14.2,33.0,7.8,1.39
Khalil,Shakir,WR,,11,2023-11-19,Thu-Mon,BUF,NYJ,-7,39.5,23.3,3200,1,2.1,7.1,15.2,7.7,2.41
Josh,Reynolds,WR,,11,2023-11-19,Thu-Mon,DET,CHI,-7.5,47.5,27.5,3700,16,1.3,7.3,17.6,7.7,2.08
Keaton,Mitchell,RB,,11,2023-11-16,Thu-Mon,BAL,CIN,-3.5,46.5,25,4800,17,0.0,9.7,23.4,7.6,1.58
Tutu,Atwell,WR,,11,2023-11-19,Thu-Mon,LAR,SEA,+0.5,46.5,23,3900,19,4.0,6.6,10.1,7.5,1.92
Rondale,Moore,WR,,11,2023-11-19,Thu-Mon,ARI,HOU,+4.5,49,22.3,3300,14,1.8,5.3,9.3,7.5,2.27
Khalil,Herbert,RB,IR,11,2023-11-19,Thu-Mon,CHI,DET,+7.5,47.5,20,4700,5,4.5,11.1,25.2,7.4,1.57
Pat,Freiermuth,TE,IR,11,2023-11-19,Thu-Mon,PIT,CLE,+0.5,33,16.3,2500,1,0.0,5.1,13.1,7.4,2.96
Lions,,DST,,11,2023-11-19,Thu-Mon,DET,CHI,-7.5,47.5,27.5,3800,30,-2.0,5.0,12.0,7.4,1.95
Luke,Musgrave,TE,,11,2023-11-19,Thu-Mon,GB,LAC,+3,44,20.5,3600,24,2.9,8.4,14.1,7.3,2.03
Tyjae,Spears,RB,,11,2023-11-19,Thu-Mon,TEN,JAX,+7,40,16.5,4600,15,6.2,9.4,16.9,7.3,1.59
AJ,Dillon,RB,,11,2023-11-19,Thu-Mon,GB,LAC,+3,44,20.5,4600,29,5.3,9.9,13.6,7.3,1.59
Tyler,Conklin,TE,,11,2023-11-19,Thu-Mon,NYJ,BUF,+7,39.5,16.3,2900,12,0.0,8.0,14.0,7.3,2.52
Commanders,,DST,,11,2023-11-19,Thu-Mon,WAS,NYG,-9,37,23,3600,32,0.0,4.8,10.0,7.2,2.00
Robert,Woods,WR,Q,11,2023-11-19,Thu-Mon,HOU,ARI,-4.5,49,26.8,3700,18,2.5,5.6,7.6,7.2,1.95
Darnell,Mooney,WR,,11,2023-11-19,Thu-Mon,CHI,DET,+7.5,47.5,20,3300,22,3.4,7.2,13.2,7.1,2.15
Gerald,Everett,TE,Q,11,2023-11-19,Thu-Mon,LAC,GB,-3,44,23.5,3500,11,0.0,6.9,11.6,7.1,2.03
Cade,Otton,TE,,11,2023-11-19,Thu-Mon,TB,SF,+12,41.5,14.8,3400,5,2.5,9.5,24.0,7.0,2.06
DJ,Chark Jr.,WR,,11,2023-11-19,Thu-Mon,CAR,DAL,+10.5,42.5,16,3300,3,4.3,7.4,13.2,6.9,2.09
Tyler,Higbee,TE,,11,2023-11-19,Thu-Mon,LAR,SEA,+0.5,46.5,23,3300,14,0.0,3.8,9.5,6.9,2.09
K.J.,Osborn,WR,,11,2023-11-19,Thu-Mon,MIN,DEN,+2.5,42.5,20,4400,7,3.7,10.0,17.9,6.8,1.55
Kareem,Hunt,RB,,11,2023-11-19,Thu-Mon,CLE,PIT,-0.5,33,16.8,4900,23,9.2,12.8,16.1,6.8,1.39
Jonathan,Mingo,WR,,11,2023-11-19,Thu-Mon,CAR,DAL,+10.5,42.5,16,3400,3,1.5,6.1,10.2,6.8,2.00
Chig,Okonkwo,TE,,11,2023-11-19,Thu-Mon,TEN,JAX,+7,40,16.5,3200,28,3.8,6.1,8.3,6.8,2.13
Latavius,Murray,RB,,11,2023-11-19,Thu-Mon,BUF,NYJ,-7,39.5,23.3,4800,24,2.0,5.7,14.9,6.7,1.40
Dameon,Pierce,RB,Q,11,2023-11-19,Thu-Mon,HOU,ARI,-4.5,49,26.8,5400,30,3.4,8.8,14.9,6.6,1.22
Royce,Freeman,RB,,11,2023-11-19,Thu-Mon,LAR,SEA,+0.5,46.5,23,4500,28,0.0,4.0,10.4,6.6,1.47
Seahawks,,DST,,11,2023-11-19,Thu-Mon,SEA,LAR,-0.5,46.5,23.5,3100,17,1.0,6.0,10.0,6.6,2.13
Broncos,,DST,,11,2023-11-19,Thu-Mon,DEN,MIN,-2.5,42.5,22.5,3000,19,3.0,8.2,17.0,6.5,2.17
Kyle,Philips,WR,,11,2023-11-19,Thu-Mon,TEN,JAX,+7,40,16.5,3000,21,0.0,5.2,10.8,6.5,2.17
Texans,,DST,,11,2023-11-19,Thu-Mon,HOU,ARI,-4.5,49,26.8,3000,22,0.0,5.8,10.0,6.5,2.17
Ravens,,DST,,11,2023-11-16,Thu-Mon,BAL,CIN,-3.5,46.5,25,3400,10,6.0,12.0,15.0,6.5,1.91
Jets,,DST,,11,2023-11-19,Thu-Mon,NYJ,BUF,+7,39.5,16.3,2600,5,5.0,9.6,16.0,6.5,2.50
Jerick,McKinnon,RB,,11,2023-11-20,Thu-Mon,KC,PHI,-3,45.5,24.3,4600,1,1.9,5.3,10.4,6.5,1.41
Darius,Slayton,WR,,11,2023-11-19,Thu-Mon,NYG,WAS,+9,37,14,3200,28,0.9,6.0,10.9,6.5,2.03
Trey,Palmer,WR,,11,2023-11-19,Thu-Mon,TB,SF,+12,41.5,14.8,3000,25,1.5,5.1,8.1,6.3,2.10
Vikings,,DST,,11,2023-11-19,Thu-Mon,MIN,DEN,+2.5,42.5,20,3300,20,5.0,10.4,21.0,6.3,1.91
Allen,Lazard,WR,,11,2023-11-19,Thu-Mon,NYJ,BUF,+7,39.5,16.3,3500,12,1.8,6.7,15.1,6.2,1.77
Chargers,,DST,,11,2023-11-19,Thu-Mon,LAC,GB,-3,44,23.5,3300,18,-4.0,8.8,27.0,6.2,1.88
Skyy,Moore,WR,,11,2023-11-20,Thu-Mon,KC,PHI,-3,45.5,24.3,3000,32,1.8,3.6,5.3,6.0,2.00
Packers,,DST,,11,2023-11-19,Thu-Mon,GB,LAC,+3,44,20.5,2300,2,1.0,6.2,12.0,5.9,2.57
Tanner,Hudson,TE,,11,2023-11-16,Thu-Mon,CIN,BAL,+3.5,46.5,21.5,2500,8,2.0,5.7,9.3,5.9,2.36
Bengals,,DST,,11,2023-11-16,Thu-Mon,CIN,BAL,+3.5,46.5,21.5,2700,15,6.0,9.8,16.0,5.8,2.15
Michael,Mayer,TE,,11,2023-11-19,Thu-Mon,LV,MIA,+13,46.5,16.8,2700,21,2.9,6.5,12.5,5.8,2.15
Samaje,Perine,RB,,11,2023-11-19,Thu-Mon,DEN,MIN,-2.5,42.5,22.5,4500,8,2.6,6.7,12.5,5.7,1.27
Eagles,,DST,,11,2023-11-20,Thu-Mon,PHI,KC,+3,45.5,21.3,2800,13,2.0,6.0,10.0,5.5,1.96
Rashod,Bateman,WR,,11,2023-11-16,Thu-Mon,BAL,CIN,-3.5,46.5,25,3100,17,3.5,5.3,7.2,5.5,1.77
Buccaneers,,DST,,11,2023-11-19,Thu-Mon,TB,SF,+12,41.5,14.8,2700,1,1.0,6.0,13.0,5.5,2.04
Kenneth,Gainwell,RB,,11,2023-11-20,Thu-Mon,PHI,KC,+3,45.5,21.3,4500,11,2.7,5.9,9.3,5.5,1.22
Chiefs,,DST,,11,2023-11-20,Thu-Mon,KC,PHI,-3,45.5,24.3,2600,6,6.0,10.4,14.0,5.5,2.12
Jaleel,McLaughlin,RB,,11,2023-11-19,Thu-Mon,DEN,MIN,-2.5,42.5,22.5,4700,8,5.6,11.0,19.4,5.4,1.15
Giants,,DST,,11,2023-11-19,Thu-Mon,NYG,WAS,+9,37,14,3000,26,-1.0,6.0,14.0,5.4,1.80
Michael,Gallup,WR,,11,2023-11-19,Thu-Mon,DAL,CAR,-10.5,42.5,26.5,3800,4,3.5,6.4,15.0,5.3,1.39
Rico,Dowdle,RB,,11,2023-11-19,Thu-Mon,DAL,CAR,-10.5,42.5,26.5,4600,31,0.8,4.4,13.9,5.3,1.15
Daniel,Bellinger,TE,,11,2023-11-19,Thu-Mon,NYG,WAS,+9,37,14,3000,15,0.0,2.5,7.3,5.3,1.77
Rams,,DST,,11,2023-11-19,Thu-Mon,LAR,SEA,+0.5,46.5,23,2800,9,1.0,5.0,10.0,5.3,1.89
Kalif,Raymond,WR,Q,11,2023-11-19,Thu-Mon,DET,CHI,-7.5,47.5,27.5,3100,16,4.0,5.6,7.5,5.3,1.71
Titans,,DST,,11,2023-11-19,Thu-Mon,TEN,JAX,+7,40,16.5,2500,25,1.0,4.2,8.0,5.1,2.04
Roschon,Johnson,RB,,11,2023-11-19,Thu-Mon,CHI,DET,+7.5,47.5,20,4400,5,1.9,4.0,7.2,5.1,1.16
Jameson,Williams,WR,,11,2023-11-19,Thu-Mon,DET,CHI,-7.5,47.5,27.5,3300,16,0.0,4.6,13.3,5.1,1.55
Miles,Sanders,RB,,11,2023-11-19,Thu-Mon,CAR,DAL,+10.5,42.5,16,4600,7,0.0,4.1,9.1,5.0,1.09
Justin,Watson,WR,,11,2023-11-20,Thu-Mon,KC,PHI,-3,45.5,24.3,3000,32,0.0,3.8,7.6,4.9,1.63
Cardinals,,DST,,11,2023-11-19,Thu-Mon,ARI,HOU,+4.5,49,22.3,2900,3,1.0,4.2,9.0,4.9,1.69
Mecole,Hardman Jr.,WR,,11,2023-11-20,Thu-Mon,KC,PHI,-3,45.5,24.3,3200,32,0.0,1.6,4.0,4.8,1.50
Treylon,Burks,WR,Q,11,2023-11-19,Thu-Mon,TEN,JAX,+7,40,16.5,3400,21,0.0,4.3,10.6,4.6,1.35
Hayden,Hurst,TE,Q,11,2023-11-19,Thu-Mon,CAR,DAL,+10.5,42.5,16,2800,16,0.0,3.7,7.4,4.5,1.61
Panthers,,DST,,11,2023-11-19,Thu-Mon,CAR,DAL,+10.5,42.5,16,2200,4,-2.0,4.2,8.0,4.5,2.05
Dontayvion,Wicks,WR,,11,2023-11-19,Thu-Mon,GB,LAC,+3,44,20.5,3300,31,2.0,5.2,8.1,4.5,1.36
Adam,Trautman,TE,,11,2023-11-19,Thu-Mon,DEN,MIN,-2.5,42.5,22.5,2600,17,0.0,3.1,12.6,4.4,1.69
Joshua,Kelley,RB,,11,2023-11-19,Thu-Mon,LAC,GB,-3,44,23.5,4600,27,1.4,5.0,13.5,4.4,0.96
Donald,Parham Jr.,TE,Q,11,2023-11-19,Thu-Mon,LAC,GB,-3,44,23.5,3100,11,0.0,4.8,14.3,4.4,1.42
Braxton,Berrios,WR,Q,11,2023-11-19,Thu-Mon,MIA,LV,-13,46.5,29.8,3000,6,0.0,2.4,4.0,4.4,1.47
Cedrick,Wilson Jr.,WR,,11,2023-11-19,Thu-Mon,MIA,LV,-13,46.5,29.8,3000,6,0.0,6.6,10.1,4.3,1.43
Noah,Fant,TE,,11,2023-11-19,Thu-Mon,SEA,LAR,-0.5,46.5,23.5,2900,26,0.0,2.6,5.2,4.2,1.45
Marquez,Valdes-Scantling,WR,,11,2023-11-20,Thu-Mon,KC,PHI,-3,45.5,24.3,3100,32,0.0,5.5,17.4,4.2,1.35
Brandon,Powell,WR,,11,2023-11-19,Thu-Mon,MIN,DEN,+2.5,42.5,20,3300,7,2.2,7.0,10.9,4.1,1.24
Durham,Smythe,TE,Q,11,2023-11-19,Thu-Mon,MIA,LV,-13,46.5,29.8,2600,13,0.0,2.1,5.8,4.1,1.58
Irv,Smith Jr.,TE,,11,2023-11-16,Thu-Mon,CIN,BAL,+3.5,46.5,21.5,2700,8,0.0,4.0,11.6,4.1,1.52
Justice,Hill,RB,,11,2023-11-16,Thu-Mon,BAL,CIN,-3.5,46.5,25,4100,17,0.7,5.3,9.5,4.1,1.00
Jalen,Tolbert,WR,,11,2023-11-19,Thu-Mon,DAL,CAR,-10.5,42.5,26.5,3200,4,-1.0,3.0,13.9,4.0,1.25
Jalin,Hyatt,WR,Q,11,2023-11-19,Thu-Mon,NYG,WAS,+9,37,14,3000,28,0.0,3.7,9.5,4.0,1.33
Emari,Demercado,RB,Q,11,2023-11-19,Thu-Mon,ARI,HOU,+4.5,49,22.3,4400,20,2.7,8.2,12.7,4.0,0.91
Chris,Moore,WR,,11,2023-11-19,Thu-Mon,TEN,JAX,+7,40,16.5,3000,21,0.0,1.9,4.1,4.0,1.33
Raiders,,DST,,11,2023-11-19,Thu-Mon,LV,MIA,+13,46.5,16.8,2900,16,4.0,10.2,19.0,4.0,1.38
Isaiah,Hodgins,WR,,11,2023-11-19,Thu-Mon,NYG,WAS,+9,37,14,3000,28,0.0,0.7,3.3,3.9,1.30
Noah,Gray,TE,,11,2023-11-20,Thu-Mon,KC,PHI,-3,45.5,24.3,2500,18,1.8,4.1,6.4,3.8,1.52
Jauan,Jennings,WR,,11,2023-11-19,Thu-Mon,SF,TB,-12,41.5,26.8,3600,29,0.0,3.9,10.4,3.8,1.06
Nelson,Agholor,WR,,11,2023-11-16,Thu-Mon,BAL,CIN,-3.5,46.5,25,3000,17,0.0,3.1,8.2,3.8,1.27
Laviska,Shenault Jr.,WR,Q,11,2023-11-19,Thu-Mon,CAR,DAL,+10.5,42.5,16,3000,3,0.7,2.5,4.7,3.7,1.23
Bears,,DST,,11,2023-11-19,Thu-Mon,CHI,DET,+7.5,47.5,20,2400,7,0.0,7.0,17.0,3.7,1.54
Hunter,Renfrow,WR,,11,2023-11-19,Thu-Mon,LV,MIA,+13,46.5,16.8,3000,20,0.0,2.8,5.2,3.6,1.20
Nick,Westbrook-Ikhine,WR,,11,2023-11-19,Thu-Mon,TEN,JAX,+7,40,16.5,3100,21,1.9,4.6,10.3,3.5,1.13
Kadarius,Toney,WR,,11,2023-11-20,Thu-Mon,KC,PHI,-3,45.5,24.3,3300,32,1.1,4.7,9.4,3.5,1.06
Tommy,Tremble,TE,,11,2023-11-19,Thu-Mon,CAR,DAL,+10.5,42.5,16,2500,16,3.2,5.6,8.4,3.4,1.36
Austin,Hooper,TE,,11,2023-11-19,Thu-Mon,LV,MIA,+13,46.5,16.8,2500,21,1.7,3.1,3.9,3.4,1.36
Jake,Bobo,WR,,11,2023-11-19,Thu-Mon,SEA,LAR,-0.5,46.5,23.5,3200,13,0.0,7.3,16.1,3.3,1.03
Derius,Davis,WR,,11,2023-11-19,Thu-Mon,LAC,GB,-3,44,23.5,3000,5,0.0,3.4,8.7,3.3,1.10
Parris,Campbell,WR,,11,2023-11-19,Thu-Mon,NYG,WAS,+9,37,14,3000,28,0.0,1.0,3.5,3.2,1.07
Elijah,Mitchell,RB,,11,2023-11-19,Thu-Mon,SF,TB,-12,41.5,26.8,4300,2,-0.3,1.9,7.4,3.1,0.72
Tyler,Scott,WR,,11,2023-11-19,Thu-Mon,CHI,DET,+7.5,47.5,20,3000,22,-0.5,2.8,5.3,3.0,1.00
Colby,Parkinson,TE,Q,11,2023-11-19,Thu-Mon,SEA,LAR,-0.5,46.5,23.5,2500,26,0.0,2.4,4.6,3.0,1.20
Julio,Jones,WR,,11,2023-11-20,Thu-Mon,PHI,KC,+3,45.5,21.3,3000,11,0.0,6.6,20.4,3.0,1.00
Cedric,Tillman,WR,,11,2023-11-19,Thu-Mon,CLE,PIT,-0.5,33,16.8,3000,27,0.0,0.6,1.5,3.0,1.00
Kene,Nwangwu,RB,,11,2023-11-19,Thu-Mon,MIN,DEN,+2.5,42.5,20,4100,32,0.0,1.0,3.9,2.9,0.71
Allen,Robinson II,WR,,11,2023-11-19,Thu-Mon,PIT,CLE,+0.5,33,16.3,3000,2,0.0,2.3,7.9,2.9,0.97
Dalvin,Cook,RB,,11,2023-11-19,Thu-Mon,NYJ,BUF,+7,39.5,16.3,4500,18,0.5,2.1,2.8,2.8,0.62
John,Bates,TE,,11,2023-11-19,Thu-Mon,WAS,NYG,-9,37,23,2500,3,0.0,1.7,5.1,2.7,1.08
Albert,Okwuegbunam,TE,,11,2023-11-20,Thu-Mon,PHI,KC,+3,45.5,21.3,2500,10,0.0,3.4,13.5,2.7,1.08
Chase,Edmonds,RB,,11,2023-11-19,Thu-Mon,TB,SF,+12,41.5,14.8,4300,9,0.4,1.6,4.1,2.6,0.60
Donovan,Peoples-Jones,WR,,11,2023-11-19,Thu-Mon,DET,CHI,-7.5,47.5,27.5,3000,16,0.0,2.8,7.9,2.6,0.87
Tre,Tucker,WR,,11,2023-11-19,Thu-Mon,LV,MIA,+13,46.5,16.8,3000,20,0.0,4.1,8.1,2.6,0.87
Lawrence,Cager,TE,,11,2023-11-19,Thu-Mon,NYG,WAS,+9,37,14,2500,15,0.0,1.6,8.0,2.6,1.04
Connor,Heyward,TE,,11,2023-11-19,Thu-Mon,PIT,CLE,+0.5,33,16.3,3000,1,3.6,5.4,7.4,2.5,0.83
Dyami,Brown,WR,,11,2023-11-19,Thu-Mon,WAS,NYG,-9,37,23,3000,30,0.0,3.5,12.1,2.5,0.83
Jeff,Wilson Jr.,RB,,11,2023-11-19,Thu-Mon,MIA,LV,-13,46.5,29.8,4400,25,1.4,6.8,10.6,2.4,0.55
Tank,Bigsby,RB,,11,2023-11-19,Thu-Mon,JAX,TEN,-7,40,23.5,4200,14,-0.1,0.6,1.8,2.4,0.57
Matt,Breida,RB,,11,2023-11-19,Thu-Mon,NYG,WAS,+9,37,14,4300,16,0.3,1.7,2.7,2.4,0.56
Keaontay,Ingram,RB,,11,2023-11-19,Thu-Mon,ARI,HOU,+4.5,49,22.3,4200,20,0.0,2.1,7.1,2.4,0.57
Xavier,Gipson,WR,,11,2023-11-19,Thu-Mon,NYJ,BUF,+7,39.5,16.3,3000,12,-1.0,1.4,3.4,2.4,0.80
Brock,Wright,TE,,11,2023-11-19,Thu-Mon,DET,CHI,-7.5,47.5,27.5,2600,29,0.0,3.6,10.3,2.3,0.88
Will,Dissly,TE,,11,2023-11-19,Thu-Mon,SEA,LAR,-0.5,46.5,23.5,2500,26,0.0,1.1,4.2,2.3,0.92
Ray-Ray,McCloud III,WR,,11,2023-11-19,Thu-Mon,SF,TB,-12,41.5,26.8,3000,29,0.0,3.0,6.3,2.3,0.77
Deven,Thompkins,WR,,11,2023-11-19,Thu-Mon,TB,SF,+12,41.5,14.8,3000,25,0.0,1.6,3.4,2.2,0.73
Kyle,Juszczyk,RB,,11,2023-11-19,Thu-Mon,SF,TB,-12,41.5,26.8,4000,2,0.0,5.0,12.6,2.2,0.55
Marvin,Mims Jr.,WR,Q,11,2023-11-19,Thu-Mon,DEN,MIN,-2.5,42.5,22.5,3500,24,-1.1,1.4,6.7,2.2,0.63
Raheem,Blackshear,RB,,11,2023-11-19,Thu-Mon,CAR,DAL,+10.5,42.5,16,4000,7,0.0,2.4,5.1,2.2,0.55
Isaiah,Likely,TE,,11,2023-11-16,Thu-Mon,BAL,CIN,-3.5,46.5,25,2500,30,0.0,2.3,8.2,2.2,0.88
Terrace,Marshall Jr.,WR,,11,2023-11-19,Thu-Mon,CAR,DAL,+10.5,42.5,16,3000,3,0.0,3.7,14.6,2.2,0.73
Sterling,Shepard,WR,,11,2023-11-19,Thu-Mon,NYG,WAS,+9,37,14,3000,28,0.0,2.0,7.2,2.2,0.73
Ameer,Abdullah,RB,,11,2023-11-19,Thu-Mon,LV,MIA,+13,46.5,16.8,4400,13,0.0,1.8,4.5,2.1,0.48
Byron,Pringle,WR,,11,2023-11-19,Thu-Mon,WAS,NYG,-9,37,23,3000,30,0.0,2.6,8.5,2.1,0.70
Deonte,Harty,WR,,11,2023-11-19,Thu-Mon,BUF,NYJ,-7,39.5,23.3,3000,1,0.0,3.5,8.2,2.1,0.70
Drew,Sample,TE,,11,2023-11-16,Thu-Mon,CIN,BAL,+3.5,46.5,21.5,2500,8,0.0,3.3,12.0,2.1,0.84
Robert,Tonyan,TE,,11,2023-11-19,Thu-Mon,CHI,DET,+7.5,47.5,20,2500,22,0.0,1.2,2.1,2.1,0.84
Josh,Oliver,TE,,11,2023-11-19,Thu-Mon,MIN,DEN,+2.5,42.5,20,2700,32,0.0,0.9,2.6,2.0,0.74
Mike,Boone,RB,,11,2023-11-19,Thu-Mon,HOU,ARI,-4.5,49,26.8,4000,30,0.0,1.3,2.6,2.0,0.50
Olamide,Zaccheaus,WR,,11,2023-11-20,Thu-Mon,PHI,KC,+3,45.5,21.3,3000,11,0.0,1.0,1.8,2.0,0.67
Calvin,Austin III,WR,,11,2023-11-19,Thu-Mon,PIT,CLE,+0.5,33,16.3,3000,2,0.0,1.6,4.9,2.0,0.67
Equanimeous,St. Brown,WR,,11,2023-11-19,Thu-Mon,CHI,DET,+7.5,47.5,20,3000,22,0.0,2.0,4.0,1.9,0.63
Marquise,Goodwin,WR,Q,11,2023-11-19,Thu-Mon,CLE,PIT,-0.5,33,16.8,3000,27,-0.5,1.4,3.4,1.8,0.60
Clyde,Edwards-Helaire,RB,Q,11,2023-11-20,Thu-Mon,KC,PHI,-3,45.5,24.3,4000,1,0.4,1.2,2.6,1.8,0.45
Andrew,Beck,RB,,11,2023-11-19,Thu-Mon,HOU,ARI,-4.5,49,26.8,4000,30,0.0,1.9,6.9,1.8,0.45
C.J.,Uzomah,TE,,11,2023-11-19,Thu-Mon,NYJ,BUF,+7,39.5,16.3,2500,12,0.0,2.2,3.2,1.7,0.68
Jordan,Akins,TE,,11,2023-11-19,Thu-Mon,CLE,PIT,-0.5,33,16.8,2500,6,0.0,1.1,2.1,1.7,0.68
Trayveon,Williams,RB,,11,2023-11-16,Thu-Mon,CIN,BAL,+3.5,46.5,21.5,4400,12,0.5,1.2,2.3,1.7,0.39
Lil'Jordan,Humphrey,WR,,11,2023-11-19,Thu-Mon,DEN,MIN,-2.5,42.5,22.5,3000,24,0.0,0.4,2.1,1.7,0.57
Geoff,Swaim,TE,,11,2023-11-19,Thu-Mon,ARI,HOU,+4.5,49,22.3,2500,31,0.0,1.0,3.3,1.6,0.64
Jamison,Crowder,WR,,11,2023-11-19,Thu-Mon,WAS,NYG,-9,37,23,3100,30,0.0,5.8,22.5,1.6,0.52
Brenton,Strange,TE,,11,2023-11-19,Thu-Mon,JAX,TEN,-7,40,23.5,2500,2,0.0,2.1,10.7,1.5,0.60
D'Ernest,Johnson,RB,,11,2023-11-19,Thu-Mon,JAX,TEN,-7,40,23.5,4000,14,0.0,1.7,6.0,1.5,0.38
KaVontae,Turpin,WR,,11,2023-11-19,Thu-Mon,DAL,CAR,-10.5,42.5,26.5,3000,4,0.0,5.1,9.6,1.5,0.50
Jalen,Nailor,WR,,11,2023-11-19,Thu-Mon,MIN,DEN,+2.5,42.5,20,3000,7,0.0,2.6,10.2,1.4,0.47
Harrison,Bryant,TE,,11,2023-11-19,Thu-Mon,CLE,PIT,-0.5,33,16.8,2500,6,0.0,0.3,1.5,1.4,0.56
John,Metchie III,WR,,11,2023-11-19,Thu-Mon,HOU,ARI,-4.5,49,26.8,3000,18,0.0,2.2,4.5,1.4,0.47
Charlie,Jones,WR,Q,11,2023-11-16,Thu-Mon,CIN,BAL,+3.5,46.5,21.5,3000,8,0.0,0.5,1.6,1.4,0.47
Luke,Schoonmaker,TE,,11,2023-11-19,Thu-Mon,DAL,CAR,-10.5,42.5,26.5,2500,7,0.0,0.7,2.3,1.4,0.56
Darrynton,Evans,RB,,11,2023-11-19,Thu-Mon,CHI,DET,+7.5,47.5,20,4000,5,0.5,5.7,13.0,1.4,0.35
Salvon,Ahmed,RB,,11,2023-11-19,Thu-Mon,MIA,LV,-13,46.5,29.8,4300,25,0.0,4.5,12.4,1.3,0.30
Alec,Ingold,RB,Q,11,2023-11-19,Thu-Mon,MIA,LV,-13,46.5,29.8,4000,25,0.0,0.5,1.5,1.3,0.33
Chase,Claypool,WR,Q,11,2023-11-19,Thu-Mon,MIA,LV,-13,46.5,29.8,3000,6,0.0,3.5,12.6,1.3,0.43
Josiah,Deguara,TE,,11,2023-11-19,Thu-Mon,GB,LAC,+3,44,20.5,2500,24,0.0,0.9,2.9,1.3,0.52
Ian,Thomas,TE,IR,11,2023-11-19,Thu-Mon,CAR,DAL,+10.5,42.5,16,2500,16,0.0,1.1,3.8,1.3,0.52
Ke'Shawn,Vaughn,RB,,11,2023-11-19,Thu-Mon,TB,SF,+12,41.5,14.8,4000,9,0.1,1.3,2.9,1.3,0.33
Brevin,Jordan,TE,Q,11,2023-11-19,Thu-Mon,HOU,ARI,-4.5,49,26.8,2500,4,0.0,3.2,9.3,1.3,0.52
Jack,Stoll,TE,,11,2023-11-20,Thu-Mon,PHI,KC,+3,45.5,21.3,3000,10,0.0,0.3,1.4,1.2,0.40
Josh,Whyle,TE,,11,2023-11-19,Thu-Mon,TEN,JAX,+7,40,16.5,2500,28,0.0,3.6,10.6,1.2,0.48
Trent,Sherfield,WR,Q,11,2023-11-19,Thu-Mon,BUF,NYJ,-7,39.5,23.3,3000,1,0.0,0.7,1.9,1.2,0.40
Rakim,Jarrett,WR,,11,2023-11-19,Thu-Mon,TB,SF,+12,41.5,14.8,3000,25,0.0,0.4,1.9,1.2,0.40
Malik,Taylor,WR,,11,2023-11-19,Thu-Mon,NYJ,BUF,+7,39.5,16.3,3000,12,-1.0,1.3,3.4,1.2,0.40
River,Cracraft,WR,Q,11,2023-11-19,Thu-Mon,MIA,LV,-13,46.5,29.8,3000,6,0.0,4.4,13.0,1.1,0.37
Leonard,Fournette,RB,,11,2023-11-19,Thu-Mon,BUF,NYJ,-7,39.5,23.3,4000,24,1.4,9.9,25.2,1.1,0.28
Zach,Pascal,WR,Q,11,2023-11-19,Thu-Mon,ARI,HOU,+4.5,49,22.3,3000,14,0.0,0.0,0.0,1.1,0.37
Pierre,Strong Jr.,RB,,11,2023-11-19,Thu-Mon,CLE,PIT,-0.5,33,16.8,4000,23,0.0,2.6,9.2,1.1,0.28
Reggie,Gilliam,RB,,11,2023-11-19,Thu-Mon,BUF,NYJ,-7,39.5,23.3,4000,24,0.0,0.0,0.0,1.1,0.28
Randall,Cobb,WR,,11,2023-11-19,Thu-Mon,NYJ,BUF,+7,39.5,16.3,3200,12,0.0,1.4,2.8,1.0,0.31
Jordan,Mason,RB,,11,2023-11-19,Thu-Mon,SF,TB,-12,41.5,26.8,4600,2,0.0,4.3,12.9,1.0,0.22
Craig,Reynolds,RB,,11,2023-11-19,Thu-Mon,DET,CHI,-7.5,47.5,27.5,4600,21,0.0,5.9,11.2,1.0,0.22
Zamir,White,RB,,11,2023-11-19,Thu-Mon,LV,MIA,+13,46.5,16.8,4200,13,-0.2,1.8,5.8,1.0,0.24
Devin,Duvernay,WR,Q,11,2023-11-16,Thu-Mon,BAL,CIN,-3.5,46.5,25,3000,17,0.0,0.6,3.0,1.0,0.33
David,Bell,WR,Q,11,2023-11-19,Thu-Mon,CLE,PIT,-0.5,33,16.8,3000,27,0.0,0.3,1.6,1.0,0.33
DeAndre,Carter,WR,,11,2023-11-19,Thu-Mon,LV,MIA,+13,46.5,16.8,3000,20,0.0,0.8,2.5,1.0,0.33
Tim,Jones,WR,,11,2023-11-19,Thu-Mon,JAX,TEN,-7,40,23.5,3000,26,0.0,1.5,3.7,0.9,0.30
Simi,Fehoko,WR,,11,2023-11-19,Thu-Mon,LAC,GB,-3,44,23.5,3000,5,0.0,2.0,7.9,0.9,0.30
Luke,Farrell,TE,,11,2023-11-19,Thu-Mon,JAX,TEN,-7,40,23.5,2500,2,0.0,0.8,2.6,0.9,0.36
Israel,Abanikanda,RB,,11,2023-11-19,Thu-Mon,NYJ,BUF,+7,39.5,16.3,4000,18,,,,0.9,0.23
C.J.,Ham,RB,,11,2023-11-19,Thu-Mon,MIN,DEN,+2.5,42.5,20,4000,32,0.0,0.2,1.2,0.8,0.20
Emanuel,Wilson,RB,,11,2023-11-19,Thu-Mon,GB,LAC,+3,44,20.5,4000,29,0.0,2.2,4.7,0.8,0.20
Stone,Smartt,TE,,11,2023-11-19,Thu-Mon,LAC,GB,-3,44,23.5,2500,11,0.0,0.3,1.5,0.7,0.28
Ben,Skowronek,WR,,11,2023-11-19,Thu-Mon,LAR,SEA,+0.5,46.5,23,3000,19,-0.2,1.8,9.0,0.7,0.23
Johnny,Mundt,TE,,11,2023-11-19,Thu-Mon,MIN,DEN,+2.5,42.5,20,2500,32,0.0,1.5,2.8,0.7,0.28
Darnell,Washington,TE,,11,2023-11-19,Thu-Mon,PIT,CLE,+0.5,33,16.3,2500,1,0.0,0.7,1.7,0.7,0.28
Miles,Boykin,WR,,11,2023-11-19,Thu-Mon,PIT,CLE,+0.5,33,16.3,3000,2,0.0,0.3,1.6,0.7,0.23
Deuce,Vaughn,RB,,11,2023-11-19,Thu-Mon,DAL,CAR,-10.5,42.5,26.5,4000,31,0.0,2.4,6.2,0.7,0.18
Sean,Tucker,RB,,11,2023-11-19,Thu-Mon,TB,SF,+12,41.5,14.8,4000,9,0.0,0.0,0.1,0.7,0.18
Patrick,Ricard,RB,,11,2023-11-16,Thu-Mon,BAL,CIN,-3.5,46.5,25,4000,17,0.0,1.3,5.1,0.7,0.18
Cole,Turner,TE,,11,2023-11-19,Thu-Mon,WAS,NYG,-9,37,23,2500,3,0.0,0.4,1.9,0.7,0.28
Julian,Hill,TE,,11,2023-11-19,Thu-Mon,MIA,LV,-13,46.5,29.8,2500,13,0.0,0.3,1.4,0.6,0.24
Boston,Scott,RB,,11,2023-11-20,Thu-Mon,PHI,KC,+3,45.5,21.3,4000,11,0.0,0.8,2.6,0.6,0.15
DeeJay,Dallas,RB,,11,2023-11-19,Thu-Mon,SEA,LAR,-0.5,46.5,23.5,4000,10,0.0,0.2,0.9,0.6,0.15
Erik,Ezukanma,WR,,11,2023-11-19,Thu-Mon,MIA,LV,-13,46.5,29.8,3000,6,0.5,1.2,1.7,0.6,0.20
Mitchell,Wilcox,TE,,11,2023-11-16,Thu-Mon,CIN,BAL,+3.5,46.5,21.5,2500,8,0.0,0.3,1.7,0.6,0.24
Brycen,Hopkins,TE,,11,2023-11-19,Thu-Mon,LAR,SEA,+0.5,46.5,23,2500,14,0.0,0.3,1.5,0.6,0.24
Payne,Durham,TE,,11,2023-11-19,Thu-Mon,TB,SF,+12,41.5,14.8,2500,5,0.0,0.4,1.8,0.5,0.20
Ross,Dwelley,TE,,11,2023-11-19,Thu-Mon,SF,TB,-12,41.5,26.8,2500,19,0.0,0.4,2.2,0.5,0.20
Xavier,Hutchinson,WR,,11,2023-11-19,Thu-Mon,HOU,ARI,-4.5,49,26.8,3000,18,0.0,0.9,1.7,0.5,0.17
Chris,Rodriguez Jr.,RB,,11,2023-11-19,Thu-Mon,WAS,NYG,-9,37,23,4000,22,0.0,1.1,3.1,0.5,0.13
Chris,Evans,RB,,11,2023-11-16,Thu-Mon,CIN,BAL,+3.5,46.5,21.5,4300,12,0.0,0.0,0.0,0.5,0.12
Rashaad,Penny,RB,,11,2023-11-20,Thu-Mon,PHI,KC,+3,45.5,21.3,4000,11,0.8,9.6,31.7,0.5,0.13
Blake,Bell,TE,,11,2023-11-20,Thu-Mon,KC,PHI,-3,45.5,24.3,2500,18,0.0,0.1,0.7,0.5,0.20
Velus,Jones Jr.,WR,,11,2023-11-19,Thu-Mon,CHI,DET,+7.5,47.5,20,3000,22,0.0,1.1,3.0,0.5,0.17
Trevon,Wesco,TE,,11,2023-11-19,Thu-Mon,TEN,JAX,+7,40,16.5,2500,28,0.0,0.6,3.1,0.4,0.16
Malik,Heath,WR,,11,2023-11-19,Thu-Mon,GB,LAC,+3,44,20.5,3000,31,0.0,0.0,0.0,0.4,0.13
Trishton,Jackson,WR,,11,2023-11-19,Thu-Mon,MIN,DEN,+2.5,42.5,20,3000,7,0.0,1.0,3.2,0.4,0.13
Greg,Dortch,WR,,11,2023-11-19,Thu-Mon,ARI,HOU,+4.5,49,22.3,3000,14,0.0,0.2,1.2,0.4,0.13
Tucker,Kraft,TE,,11,2023-11-19,Thu-Mon,GB,LAC,+3,44,20.5,2500,24,0.0,0.3,1.6,0.4,0.16
Quintin,Morris,TE,,11,2023-11-19,Thu-Mon,BUF,NYJ,-7,39.5,23.3,2500,23,0.0,1.7,8.5,0.4,0.16
Isaiah,Spiller,RB,,11,2023-11-19,Thu-Mon,LAC,GB,-3,44,23.5,4000,27,0.2,1.5,4.7,0.4,0.10
Michael,Burton,RB,,11,2023-11-19,Thu-Mon,DEN,MIN,-2.5,42.5,22.5,4000,8,-0.2,0.4,2.0,0.4,0.10
Ronnie,Bell,WR,,11,2023-11-19,Thu-Mon,SF,TB,-12,41.5,26.8,3000,29,0.0,0.6,3.0,0.3,0.10
Ko,Kieft,TE,,11,2023-11-19,Thu-Mon,TB,SF,+12,41.5,14.8,2500,5,0.0,0.0,0.0,0.3,0.12
Charlie,Woerner,TE,,11,2023-11-19,Thu-Mon,SF,TB,-12,41.5,26.8,2500,19,0.0,0.0,0.0,0.3,0.12
Ihmir,Smith-Marsette,WR,,11,2023-11-19,Thu-Mon,CAR,DAL,+10.5,42.5,16,3000,3,0.0,0.0,0.0,0.3,0.10
N'Keal,Harry,WR,,11,2023-11-19,Thu-Mon,MIN,DEN,+2.5,42.5,20,3000,7,0.0,0.0,0.0,0.3,0.10
Brandon,Bolden,RB,,11,2023-11-19,Thu-Mon,LV,MIA,+13,46.5,16.8,4000,13,0.0,0.0,0.0,0.3,0.08
Elijah,Cooks,WR,,11,2023-11-19,Thu-Mon,JAX,TEN,-7,40,23.5,3000,26,0.0,0.0,0.0,0.3,0.10
Kenny,McIntosh,RB,,11,2023-11-19,Thu-Mon,SEA,LAR,-0.5,46.5,23.5,4000,10,,,,0.3,0.08
Antoine,Green,WR,,11,2023-11-19,Thu-Mon,DET,CHI,-7.5,47.5,27.5,3000,16,0.0,0.0,0.0,0.3,0.10
Travis,Homer,RB,,11,2023-11-19,Thu-Mon,CHI,DET,+7.5,47.5,20,4000,5,0.0,0.0,0.0,0.2,0.05
Khari,Blasingame,RB,Q,11,2023-11-19,Thu-Mon,CHI,DET,+7.5,47.5,20,4000,5,0.0,1.0,2.6,0.2,0.05
Charlie,Kolar,TE,,11,2023-11-16,Thu-Mon,BAL,CIN,-3.5,46.5,25,2500,30,0.0,0.0,0.0,0.2,0.08
Deon,Jackson,RB,Q,11,2023-11-19,Thu-Mon,NYG,WAS,+9,37,14,4000,16,0.0,4.6,17.0,0.2,0.05
Anthony,McFarland Jr.,RB,,11,2023-11-19,Thu-Mon,PIT,CLE,+0.5,33,16.3,4000,6,0.0,2.3,6.1,0.2,0.05
Trent,Taylor,WR,,11,2023-11-19,Thu-Mon,CHI,DET,+7.5,47.5,20,3000,22,-0.2,0.0,0.0,0.2,0.07
Elijah,Dotson,RB,,11,2023-11-19,Thu-Mon,LAC,GB,-3,44,23.5,4000,27,0.0,1.0,3.9,0.2,0.05
Tyrion,Davis-Price,RB,,11,2023-11-19,Thu-Mon,SF,TB,-12,41.5,26.8,4000,2,0.4,1.7,3.0,0.2,0.05
Tony,Jones Jr.,RB,,11,2023-11-19,Thu-Mon,ARI,HOU,+4.5,49,22.3,4000,20,0.0,5.7,15.4,0.2,0.05
Ty,Johnson,RB,,11,2023-11-19,Thu-Mon,BUF,NYJ,-7,39.5,23.3,4300,24,0.0,2.2,6.7,0.1,0.02
Eric,Saubert,TE,,11,2023-11-19,Thu-Mon,HOU,ARI,-4.5,49,26.8,2500,4,0.0,1.5,6.0,0.1,0.04
Zach,Evans,RB,,11,2023-11-19,Thu-Mon,LAR,SEA,+0.5,46.5,23,4000,28,0.0,0.3,1.0,0.1,0.03
Marcedes,Lewis,TE,,11,2023-11-19,Thu-Mon,CHI,DET,+7.5,47.5,20,2500,22,0.0,0.5,2.6,0.1,0.04
Tee,Higgins,WR,O,11,2023-11-16,Thu-Mon,CIN,BAL,+3.5,46.5,21.5,6500,8,3.9,9.2,22.0,0.0,0.00
