first_name,last_name,position,injury_status,week,game_date,slate,team,opp,spread,over_under,implied_team_score,salary,L5_dvp_rank,L5_fppg_avg,L10_fppg_avg,szn_fppg_avg,ppg_projection,value_projection,ppg_actual,value_actual
Jayden,Daniels,QB,,12,2024-11-24,Thu-Mon,WAS,DAL,-10.5,45.5,28,7000,28,14.3,17.8,18.7,23.5,3.36
Lamar,Jackson,QB,,12,2024-11-25,Thu-Mon,BAL,LAC,-2.5,50.5,26.5,8000,14,26.4,26.0,26.3,22.3,2.79
De'Von,Achane,RB,,12,2024-11-24,Thu-Mon,MIA,NE,-7.5,46.5,27,7500,22,20.0,17.0,17.0,21.7,2.89
Christian,McCaffrey,RB,,12,2024-11-24,Thu-Mon,SF,GB,+2.5,47.5,22.5,8500,18,24.3,24.9,15.7,21.6,2.54
Joe,Mixon,RB,,12,2024-11-24,Thu-Mon,HOU,TEN,-8.5,41.5,25,8000,14,26.1,24.5,24.8,21.5,2.69
Jalen,Hurts,QB,Q,12,2024-11-24,Thu-Mon,PHI,LAR,-2.5,48.5,25.5,7800,20,27.6,23.8,23.8,21.5,2.76
Patrick,Mahomes,QB,,12,2024-11-24,Thu-Mon,KC,CAR,-10.5,42.5,26.5,6800,25,18.4,17.2,17.2,20.1,2.96
Saquon,Barkley,RB,,12,2024-11-24,Thu-Mon,PHI,LAR,-2.5,48.5,25.5,8200,10,25.5,23.9,23.9,20.0,2.44
Justin,Herbert,QB,,12,2024-11-25,Thu-Mon,LAC,BAL,+2.5,50.5,24,5400,30,21.3,16.4,16.4,19.7,3.65
Geno,Smith,QB,,12,2024-11-24,Thu-Mon,SEA,ARI,+0.5,47.5,23.5,5700,13,17.8,19.0,19.0,19.2,3.37
Amon-Ra,St. Brown,WR,,12,2024-11-24,Thu-Mon,DET,IND,-7.5,50.5,29,8300,19,23.0,20.0,20.0,19.0,2.29
Kyler,Murray,QB,,12,2024-11-24,Thu-Mon,ARI,SEA,-0.5,47.5,24,6200,18,18.8,18.8,18.8,18.7,3.02
Justin,Jefferson,WR,,12,2024-11-24,Thu-Mon,MIN,CHI,-3.5,39.5,21.5,8100,3,18.5,19.0,19.0,18.2,2.25
Bo,Nix,QB,,12,2024-11-24,Thu-Mon,DEN,LV,-5.5,40.5,23,6300,26,22.1,19.2,18.6,18.1,2.87
Baker,Mayfield,QB,,12,2024-11-24,Thu-Mon,TB,NYG,-5.5,41.5,23.5,6100,17,23.2,23.0,23.0,18.1,2.97
Brock,Purdy,QB,Q,12,2024-11-24,Thu-Mon,SF,GB,+2.5,47.5,22.5,6400,8,23.3,20.3,20.3,17.9,2.80
Jordan,Love,QB,,12,2024-11-24,Thu-Mon,GB,SF,-2.5,47.5,25,6700,7,16.7,18.7,18.7,17.8,2.65
C.J.,Stroud,QB,,12,2024-11-24,Thu-Mon,HOU,TEN,-8.5,41.5,25,6500,21,11.0,14.8,15.1,17.8,2.74
Jared,Goff,QB,,12,2024-11-24,Thu-Mon,DET,IND,-7.5,50.5,29,6600,24,18.9,19.1,19.1,17.8,2.70
A.J.,Brown,WR,,12,2024-11-24,Thu-Mon,PHI,LAR,-2.5,48.5,25.5,7800,22,13.9,14.6,17.4,17.8,2.28
Kyren,Williams,RB,,12,2024-11-24,Thu-Mon,LAR,PHI,+2.5,48.5,23,7400,6,14.7,17.5,17.5,17.8,2.41
Kenneth,Walker III,RB,,12,2024-11-24,Thu-Mon,SEA,ARI,+0.5,47.5,23.5,6900,25,16.1,17.6,18.8,17.7,2.57
Anthony,Richardson,QB,,12,2024-11-24,Thu-Mon,IND,DET,+7.5,50.5,21.5,5600,6,12.9,15.3,14.9,17.5,3.13
Tua,Tagovailoa,QB,,12,2024-11-24,Thu-Mon,MIA,NE,-7.5,46.5,27,5800,10,14.9,15.2,16.0,17.5,3.02
Jahmyr,Gibbs,RB,,12,2024-11-24,Thu-Mon,DET,IND,-7.5,50.5,29,7300,24,21.0,18.8,18.8,17.2,2.36
Puka,Nacua,WR,,12,2024-11-24,Thu-Mon,LAR,PHI,+2.5,48.5,23,7100,6,15.7,19.7,15.7,17.2,2.42
Derrick,Henry,RB,,12,2024-11-25,Thu-Mon,BAL,LAC,-2.5,50.5,26.5,7800,4,19.6,23.2,22.0,17.0,2.18
James,Conner,RB,,12,2024-11-24,Thu-Mon,ARI,SEA,-0.5,47.5,24,6500,23,16.6,16.3,16.3,16.9,2.60
Travis,Kelce,TE,,12,2024-11-24,Thu-Mon,KC,CAR,-10.5,42.5,26.5,5800,31,16.0,12.7,12.7,16.8,2.90
Nico,Collins,WR,,12,2024-11-24,Thu-Mon,HOU,TEN,-8.5,41.5,25,7600,1,20.9,21.2,20.9,16.8,2.21
Matthew,Stafford,QB,,12,2024-11-24,Thu-Mon,LAR,PHI,+2.5,48.5,23,5900,4,17.6,14.8,14.8,16.8,2.85
Drake,Maye,QB,,12,2024-11-24,Thu-Mon,NE,MIA,+7.5,46.5,19.5,5500,3,16.8,15.5,15.5,16.8,3.05
Sam,Darnold,QB,Q,12,2024-11-24,Thu-Mon,MIN,CHI,-3.5,39.5,21.5,5900,1,18.3,18.0,18.0,16.7,2.83
Cooper,Kupp,WR,,12,2024-11-24,Thu-Mon,LAR,PHI,+2.5,48.5,23,7500,6,19.0,18.9,21.6,16.6,2.21
Tyreek,Hill,WR,Q,12,2024-11-24,Thu-Mon,MIA,NE,-7.5,46.5,27,7200,23,11.7,12.2,12.2,16.6,2.31
CeeDee,Lamb,WR,,12,2024-11-24,Thu-Mon,DAL,WAS,+10.5,45.5,17.5,7300,16,20.4,17.9,17.9,16.6,2.27
Josh,Jacobs,RB,Q,12,2024-11-24,Thu-Mon,GB,SF,-2.5,47.5,25,6800,15,19.4,16.0,16.0,16.5,2.43
Jonathan,Taylor,RB,,12,2024-11-24,Thu-Mon,IND,DET,+7.5,50.5,21.5,7100,3,14.9,18.1,16.7,16.5,2.32
Chuba,Hubbard,RB,,12,2024-11-24,Thu-Mon,CAR,KC,+10.5,42.5,16,6600,1,17.1,17.3,17.3,16.0,2.42
Ladd,McConkey,WR,,12,2024-11-25,Thu-Mon,LAC,BAL,+2.5,50.5,24,6000,32,16.3,13.5,13.5,15.2,2.53
Caleb,Williams,QB,,12,2024-11-24,Thu-Mon,CHI,MIN,+3.5,39.5,18,5100,11,13.9,14.6,14.6,15.1,2.96
DK,Metcalf,WR,,12,2024-11-24,Thu-Mon,SEA,ARI,+0.5,47.5,23.5,6600,17,13.9,15.1,16.4,15.0,2.27
Brian,Robinson Jr.,RB,,12,2024-11-24,Thu-Mon,WAS,DAL,-10.5,45.5,28,5600,30,14.6,14.2,14.9,15.0,2.68
Malik,Nabers,WR,,12,2024-11-24,Thu-Mon,NYG,TB,+5.5,41.5,18,7400,27,14.8,18.2,18.2,14.7,1.99
Mike,Evans,WR,Q,12,2024-11-24,Thu-Mon,TB,NYG,-5.5,41.5,23.5,7000,12,13.0,14.0,13.6,14.6,2.09
Terry,McLaurin,WR,,12,2024-11-24,Thu-Mon,WAS,DAL,-10.5,45.5,28,6800,18,14.7,16.4,15.2,14.5,2.13
Tony,Pollard,RB,,12,2024-11-24,Thu-Mon,TEN,HOU,+8.5,41.5,16.5,5800,5,12.0,13.6,13.6,14.3,2.47
Jameis,Winston,QB,,12,2024-11-21,Thu-Mon,CLE,PIT,+3.5,36.5,16.5,5700,2,15.0,7.6,9.5,14.2,2.49
Najee,Harris,RB,,12,2024-11-21,Thu-Mon,PIT,CLE,-3.5,36.5,20,6200,7,17.2,13.7,13.7,14.2,2.29
Zay,Flowers,WR,,12,2024-11-25,Thu-Mon,BAL,LAC,-2.5,50.5,26.5,6700,15,15.5,15.4,15.0,14.2,2.12
Trey,McBride,TE,,12,2024-11-24,Thu-Mon,ARI,SEA,-0.5,47.5,24,5600,18,15.2,12.6,12.6,14.2,2.54
Aaron,Jones,RB,,12,2024-11-24,Thu-Mon,MIN,CHI,-3.5,39.5,21.5,6400,17,12.3,14.4,14.4,14.1,2.20
David,Montgomery,RB,,12,2024-11-24,Thu-Mon,DET,IND,-7.5,50.5,29,6700,24,14.7,16.7,16.7,14.1,2.10
Courtland,Sutton,WR,,12,2024-11-24,Thu-Mon,DEN,LV,-5.5,40.5,23,5800,7,16.2,13.4,12.9,14.1,2.43
J.K.,Dobbins,RB,,12,2024-11-25,Thu-Mon,LAC,BAL,+2.5,50.5,24,7000,8,15.7,16.3,16.3,14.0,2.00
Brock,Bowers,TE,,12,2024-11-24,Thu-Mon,LV,DEN,+5.5,40.5,17.5,6300,14,19.2,16.3,16.3,14.0,2.22
Tyrone,Tracy Jr.,RB,,12,2024-11-24,Thu-Mon,NYG,TB,+5.5,41.5,18,6000,27,16.4,11.0,11.0,14.0,2.33
Jaxon,Smith-Njigba,WR,,12,2024-11-24,Thu-Mon,SEA,ARI,+0.5,47.5,23.5,6300,17,18.7,15.7,15.7,14.0,2.22
Russell,Wilson,QB,,12,2024-11-21,Thu-Mon,PIT,CLE,-3.5,36.5,20,6000,15,17.1,17.2,16.5,13.9,2.32
George,Pickens,WR,,12,2024-11-21,Thu-Mon,PIT,CLE,-3.5,36.5,20,6900,24,16.4,13.7,13.7,13.8,2.00
Rhamondre,Stevenson,RB,,12,2024-11-24,Thu-Mon,NE,MIA,+7.5,46.5,19.5,5900,19,14.4,14.3,14.3,13.8,2.34
Will,Levis,QB,,12,2024-11-24,Thu-Mon,TEN,HOU,+8.5,41.5,16.5,4900,22,12.2,11.9,12.0,13.7,2.80
Rico,Dowdle,RB,,12,2024-11-24,Thu-Mon,DAL,WAS,+10.5,45.5,17.5,5500,20,13.1,10.8,11.3,13.7,2.49
Tommy,DeVito,QB,,12,2024-11-24,Thu-Mon,NYG,TB,+5.5,41.5,18,4000,32,8.5,10.8,,13.6,3.40
Deebo,Samuel Sr.,WR,,12,2024-11-24,Thu-Mon,SF,GB,+2.5,47.5,22.5,6500,10,11.0,11.5,12.0,13.5,2.08
Gardner,Minshew II,QB,,12,2024-11-24,Thu-Mon,LV,DEN,+5.5,40.5,17.5,4800,5,10.2,10.2,10.6,13.4,2.79
Cooper,Rush,QB,,12,2024-11-24,Thu-Mon,DAL,WAS,+10.5,45.5,17.5,5000,19,6.1,3.4,5.1,13.4,2.68
Calvin,Ridley,WR,Q,12,2024-11-24,Thu-Mon,TEN,HOU,+8.5,41.5,16.5,5700,25,16.3,11.9,11.9,13.3,2.33
Jauan,Jennings,WR,,12,2024-11-24,Thu-Mon,SF,GB,+2.5,47.5,22.5,5600,10,12.2,14.9,16.0,13.2,2.36
Rachaad,White,RB,,12,2024-11-24,Thu-Mon,TB,NYG,-5.5,41.5,23.5,5400,21,17.4,14.5,14.0,13.1,2.43
Josh,Downs,WR,,12,2024-11-24,Thu-Mon,IND,DET,+7.5,50.5,21.5,6200,29,14.4,14.3,15.0,12.9,2.08
DeVonta,Smith,WR,Q,12,2024-11-24,Thu-Mon,PHI,LAR,-2.5,48.5,25.5,5800,22,10.1,14.2,13.0,12.9,2.22
Jakobi,Meyers,WR,,12,2024-11-24,Thu-Mon,LV,DEN,+5.5,40.5,17.5,5100,4,14.1,14.1,13.5,12.9,2.53
Bucky,Irving,RB,,12,2024-11-24,Thu-Mon,TB,NYG,-5.5,41.5,23.5,5300,21,14.9,11.7,11.7,12.8,2.42
D'Andre,Swift,RB,Q,12,2024-11-24,Thu-Mon,CHI,MIN,+3.5,39.5,18,6100,2,16.4,15.1,15.1,12.7,2.08
Cade,Otton,TE,,12,2024-11-24,Thu-Mon,TB,NYG,-5.5,41.5,23.5,5500,1,18.0,12.0,12.0,12.7,2.31
Marvin,Harrison Jr.,WR,,12,2024-11-24,Thu-Mon,ARI,SEA,-0.5,47.5,24,6100,21,10.4,12.4,12.4,12.7,2.08
DeAndre,Hopkins,WR,,12,2024-11-24,Thu-Mon,KC,CAR,-10.5,42.5,26.5,5400,14,10.0,8.7,8.7,12.6,2.33
Jayden,Reed,WR,,12,2024-11-24,Thu-Mon,GB,SF,-2.5,47.5,25,5900,13,10.9,15.2,15.2,12.3,2.08
Bryce,Young,QB,,12,2024-11-24,Thu-Mon,CAR,KC,+10.5,42.5,16,4600,23,8.3,9.0,8.0,12.1,2.63
David,Njoku,TE,,12,2024-11-21,Thu-Mon,CLE,PIT,+3.5,36.5,16.5,5700,16,15.2,14.1,12.4,12.0,2.11
Tank,Dell,WR,,12,2024-11-24,Thu-Mon,HOU,TEN,-8.5,41.5,25,6400,1,10.6,10.2,10.2,11.8,1.84
Kareem,Hunt,RB,,12,2024-11-24,Thu-Mon,KC,CAR,-10.5,42.5,26.5,5700,32,16.1,14.4,16.1,11.7,2.05
George,Kittle,TE,Q,12,2024-11-24,Thu-Mon,SF,GB,+2.5,47.5,22.5,6000,21,20.2,15.1,18.0,11.7,1.95
Javonte,Williams,RB,,12,2024-11-24,Thu-Mon,DEN,LV,-5.5,40.5,23,5200,26,13.4,11.7,11.0,11.7,2.25
Jameson,Williams,WR,,12,2024-11-24,Thu-Mon,DET,IND,-7.5,50.5,29,6000,19,13.6,13.7,13.9,11.6,1.93
DJ,Moore,WR,,12,2024-11-24,Thu-Mon,CHI,MIN,+3.5,39.5,18,5500,31,7.6,11.6,11.6,11.5,2.09
Jaylen,Waddle,WR,,12,2024-11-24,Thu-Mon,MIA,NE,-7.5,46.5,27,5300,23,6.5,8.3,8.3,11.4,2.15
Will,Dissly,TE,,12,2024-11-25,Thu-Mon,LAC,BAL,+2.5,50.5,24,3500,25,10.8,7.8,7.8,11.2,3.20
Michael,Pittman Jr.,WR,,12,2024-11-24,Thu-Mon,IND,DET,+7.5,50.5,21.5,5300,29,7.3,9.1,9.1,11.0,2.08
Hunter,Henry,TE,,12,2024-11-24,Thu-Mon,NE,MIA,+7.5,46.5,19.5,4000,20,10.8,10.0,9.5,10.8,2.70
Isiah,Pacheco,RB,Q,12,2024-11-24,Thu-Mon,KC,CAR,-10.5,42.5,26.5,6200,32,16.5,19.3,16.0,10.6,1.71
Cedric,Tillman,WR,,12,2024-11-21,Thu-Mon,CLE,PIT,+3.5,36.5,16.5,5500,8,14.7,7.8,7.8,10.6,1.93
Jerry,Jeudy,WR,,12,2024-11-21,Thu-Mon,CLE,PIT,+3.5,36.5,16.5,5900,8,12.7,11.2,11.2,10.5,1.78
Quentin,Johnston,WR,,12,2024-11-25,Thu-Mon,LAC,BAL,+2.5,50.5,24,4900,32,11.1,10.7,12.1,10.4,2.12
Jonnu,Smith,TE,,12,2024-11-24,Thu-Mon,MIA,NE,-7.5,46.5,27,4100,12,15.4,10.5,10.5,10.3,2.51
Jaylen,Warren,RB,,12,2024-11-21,Thu-Mon,PIT,CLE,-3.5,36.5,20,5200,7,8.4,7.2,6.9,9.9,1.90
Keenan,Allen,WR,,12,2024-11-24,Thu-Mon,CHI,MIN,+3.5,39.5,18,4900,31,10.4,9.4,8.8,9.8,2.00
Texans,,DST,,12,2024-11-24,Thu-Mon,HOU,TEN,-8.5,41.5,25,3600,32,10.4,8.6,8.2,9.8,2.72
Rome,Odunze,WR,,12,2024-11-24,Thu-Mon,CHI,MIN,+3.5,39.5,18,4800,31,10.1,9.5,9.5,9.7,2.02
Nick,Chubb,RB,,12,2024-11-21,Thu-Mon,CLE,PIT,+3.5,36.5,16.5,6000,13,6.3,11.1,6.2,9.7,1.62
Romeo,Doubs,WR,,12,2024-11-24,Thu-Mon,GB,SF,-2.5,47.5,25,4600,13,11.4,9.8,9.5,9.6,2.09
Zach,Ertz,TE,,12,2024-11-24,Thu-Mon,WAS,DAL,-10.5,45.5,28,3800,15,11.2,9.6,9.3,9.6,2.53
Steelers,,DST,,12,2024-11-21,Thu-Mon,PIT,CLE,-3.5,36.5,20,3500,30,10.0,9.7,9.7,9.4,2.69
Alexander,Mattison,RB,Q,12,2024-11-24,Thu-Mon,LV,DEN,+5.5,40.5,17.5,5100,16,11.1,10.8,10.8,9.4,1.84
DeMario,Douglas,WR,,12,2024-11-24,Thu-Mon,NE,MIA,+7.5,46.5,19.5,4500,5,7.4,8.9,8.4,9.4,2.09
Austin,Ekeler,RB,,12,2024-11-24,Thu-Mon,WAS,DAL,-10.5,45.5,28,5600,30,13.0,12.3,12.3,9.4,1.68
Xavier,Legette,WR,,12,2024-11-24,Thu-Mon,CAR,KC,+10.5,42.5,16,5000,11,9.7,8.4,8.4,9.3,1.86
Tyler,Lockett,WR,,12,2024-11-24,Thu-Mon,SEA,ARI,+0.5,47.5,23.5,4800,17,9.2,9.6,9.6,9.2,1.92
Noah,Brown,WR,,12,2024-11-24,Thu-Mon,WAS,DAL,-10.5,45.5,28,4200,18,7.5,6.8,7.5,9.2,2.19
Kayshon,Boutte,WR,,12,2024-11-24,Thu-Mon,NE,MIA,+7.5,46.5,19.5,3500,5,6.3,5.5,6.1,9.1,2.60
T.J.,Hockenson,TE,,12,2024-11-24,Thu-Mon,MIN,CHI,-3.5,39.5,21.5,4200,13,9.3,12.9,8.1,8.9,2.12
Xavier,Worthy,WR,,12,2024-11-24,Thu-Mon,KC,CAR,-10.5,42.5,26.5,5000,14,7.4,9.5,9.5,8.8,1.76
Christian,Watson,WR,,12,2024-11-24,Thu-Mon,GB,SF,-2.5,47.5,25,5200,13,11.2,7.7,8.3,8.8,1.69
Tucker,Kraft,TE,,12,2024-11-24,Thu-Mon,GB,SF,-2.5,47.5,25,3900,6,8.0,9.7,9.7,8.8,2.26
Sam,LaPorta,TE,,12,2024-11-24,Thu-Mon,DET,IND,-7.5,50.5,29,4300,27,10.6,9.8,8.8,8.8,2.05
Mark,Andrews,TE,,12,2024-11-25,Thu-Mon,BAL,LAC,-2.5,50.5,26.5,4100,10,12.5,9.7,9.1,8.8,2.15
Dallas,Goedert,TE,,12,2024-11-24,Thu-Mon,PHI,LAR,-2.5,48.5,25.5,4500,23,13.0,10.8,11.2,8.8,1.96
Wan'Dale,Robinson,WR,,12,2024-11-24,Thu-Mon,NYG,TB,+5.5,41.5,18,5200,27,8.1,10.9,10.9,8.7,1.67
Chiefs,,DST,,12,2024-11-24,Thu-Mon,KC,CAR,-10.5,42.5,26.5,3900,24,4.8,5.7,5.7,8.6,2.21
Rashod,Bateman,WR,,12,2024-11-25,Thu-Mon,BAL,LAC,-2.5,50.5,26.5,4300,15,11.4,10.6,10.3,8.5,1.98
Dolphins,,DST,,12,2024-11-24,Thu-Mon,MIA,NE,-7.5,46.5,27,3100,27,3.8,3.9,3.9,8.5,2.74
Vikings,,DST,,12,2024-11-24,Thu-Mon,MIN,CHI,-3.5,39.5,21.5,3400,21,9.4,11.9,11.9,8.4,2.47
Devaughn,Vele,WR,,12,2024-11-24,Thu-Mon,DEN,LV,-5.5,40.5,23,3900,7,7.3,8.6,8.6,8.4,2.15
Jordan,Addison,WR,,12,2024-11-24,Thu-Mon,MIN,CHI,-3.5,39.5,21.5,5100,3,10.0,10.7,10.7,8.3,1.63
Dalton,Schultz,TE,,12,2024-11-24,Thu-Mon,HOU,TEN,-8.5,41.5,25,3500,7,7.2,6.4,6.2,8.2,2.34
Broncos,,DST,,12,2024-11-24,Thu-Mon,DEN,LV,-5.5,40.5,23,3200,31,8.4,9.3,9.0,8.2,2.56
Elijah,Moore,WR,,12,2024-11-21,Thu-Mon,CLE,PIT,+3.5,36.5,16.5,4800,8,10.5,7.7,7.7,8.1,1.69
Buccaneers,,DST,,12,2024-11-24,Thu-Mon,TB,NYG,-5.5,41.5,23.5,3300,29,5.6,5.3,5.3,8.1,2.45
Commanders,,DST,,12,2024-11-24,Thu-Mon,WAS,DAL,-10.5,45.5,28,3500,28,6.6,6.1,5.3,7.8,2.23
Joshua,Palmer,WR,,12,2024-11-25,Thu-Mon,LAC,BAL,+2.5,50.5,24,4200,32,8.5,7.4,6.9,7.7,1.83
Michael,Wilson,WR,,12,2024-11-24,Thu-Mon,ARI,SEA,-0.5,47.5,24,4400,21,6.4,7.8,7.8,7.7,1.75
Adam,Thielen,WR,Q,12,2024-11-24,Thu-Mon,CAR,KC,+10.5,42.5,16,4700,11,7.6,8.1,8.3,7.5,1.60
Bears,,DST,,12,2024-11-24,Thu-Mon,CHI,MIN,+3.5,39.5,18,2500,22,5.2,8.3,8.3,7.5,3.00
Lions,,DST,,12,2024-11-24,Thu-Mon,DET,IND,-7.5,50.5,29,3700,20,9.6,9.2,9.2,7.2,1.95
Alec,Pierce,WR,,12,2024-11-24,Thu-Mon,IND,DET,+7.5,50.5,21.5,4900,29,8.2,9.1,10.5,7.1,1.45
Demarcus,Robinson,WR,,12,2024-11-24,Thu-Mon,LAR,PHI,+2.5,48.5,23,4100,6,10.8,9.1,9.1,7.0,1.71
Darius,Slayton,WR,Q,12,2024-11-24,Thu-Mon,NYG,TB,+5.5,41.5,18,4600,27,14.0,10.9,10.2,7.0,1.52
Jalen,Tolbert,WR,,12,2024-11-24,Thu-Mon,DAL,WAS,+10.5,45.5,17.5,4100,16,7.0,9.2,9.2,7.0,1.71
Cole,Kmet,TE,,12,2024-11-24,Thu-Mon,CHI,MIN,+3.5,39.5,18,3600,9,7.8,8.8,8.8,6.9,1.92
Packers,,DST,,12,2024-11-24,Thu-Mon,GB,SF,-2.5,47.5,25,2800,12,5.2,8.2,8.2,6.8,2.43
Nick,Westbrook-Ikhine,WR,,12,2024-11-24,Thu-Mon,TEN,HOU,+8.5,41.5,16.5,4100,25,13.1,7.4,7.4,6.8,1.66
Ja'Tavion,Sanders,TE,,12,2024-11-24,Thu-Mon,CAR,KC,+10.5,42.5,16,3400,30,9.0,5.7,5.7,6.7,1.97
Browns,,DST,,12,2024-11-21,Thu-Mon,CLE,PIT,+3.5,36.5,16.5,2600,6,4.6,5.6,5.6,6.5,2.50
Isaiah,Likely,TE,,12,2024-11-25,Thu-Mon,BAL,LAC,-2.5,50.5,26.5,3900,10,5.5,8.3,8.3,6.5,1.67
Audric,Estime,RB,,12,2024-11-24,Thu-Mon,DEN,LV,-5.5,40.5,23,4700,26,3.3,2.8,2.8,6.5,1.38
Ricky,Pearsall,WR,,12,2024-11-24,Thu-Mon,SF,GB,+2.5,47.5,22.5,4700,10,8.5,8.5,8.5,6.4,1.36
Giants,,DST,,12,2024-11-24,Thu-Mon,NYG,TB,+5.5,41.5,18,2400,10,4.2,6.3,6.3,6.4,2.67
AJ,Barner,TE,,12,2024-11-24,Thu-Mon,SEA,ARI,+0.5,47.5,23.5,3200,8,3.9,3.7,3.7,6.4,2.00
Jerome,Ford,RB,,12,2024-11-21,Thu-Mon,CLE,PIT,+3.5,36.5,16.5,4500,13,6.9,8.3,8.8,6.3,1.40
Eagles,,DST,,12,2024-11-24,Thu-Mon,PHI,LAR,-2.5,48.5,25.5,2900,14,11.0,7.5,7.5,6.3,2.17
Justice,Hill,RB,,12,2024-11-25,Thu-Mon,BAL,LAC,-2.5,50.5,26.5,5100,4,7.1,7.5,7.8,6.2,1.22
Tre,Tucker,WR,,12,2024-11-24,Thu-Mon,LV,DEN,+5.5,40.5,17.5,4000,4,4.4,7.2,7.2,6.2,1.55
Cardinals,,DST,,12,2024-11-24,Thu-Mon,ARI,SEA,-0.5,47.5,24,2600,26,6.4,6.3,6.3,6.2,2.38
Zach,Charbonnet,RB,,12,2024-11-24,Thu-Mon,SEA,ARI,+0.5,47.5,23.5,4300,25,5.1,9.8,9.8,6.2,1.44
Ravens,,DST,,12,2024-11-25,Thu-Mon,BAL,LAC,-2.5,50.5,26.5,3000,5,6.0,5.7,5.6,6.0,2.00
Theo,Johnson,TE,Q,12,2024-11-24,Thu-Mon,NYG,TB,+5.5,41.5,18,2900,29,6.9,5.1,5.1,6.0,2.07
49ers,,DST,,12,2024-11-24,Thu-Mon,SF,GB,+2.5,47.5,22.5,3000,11,5.6,7.8,7.8,5.9,1.97
Luke,Schoonmaker,TE,,12,2024-11-24,Thu-Mon,DAL,WAS,+10.5,45.5,17.5,2500,11,2.3,2.5,2.5,5.9,2.36
Pat,Freiermuth,TE,,12,2024-11-21,Thu-Mon,PIT,CLE,-3.5,36.5,20,3700,26,5.7,7.8,7.8,5.8,1.57
Sterling,Shepard,WR,,12,2024-11-24,Thu-Mon,TB,NYG,-5.5,41.5,23.5,4200,12,6.1,5.2,5.8,5.8,1.38
Titans,,DST,,12,2024-11-24,Thu-Mon,TEN,HOU,+8.5,41.5,16.5,2300,15,3.0,3.4,3.4,5.7,2.48
Seahawks,,DST,,12,2024-11-24,Thu-Mon,SEA,ARI,+0.5,47.5,23.5,2900,7,5.8,6.6,6.6,5.7,1.97
Davis,Allen,TE,,12,2024-11-24,Thu-Mon,LAR,PHI,+2.5,48.5,23,2500,4,2.0,2.1,1.2,5.6,2.24
Roschon,Johnson,RB,,12,2024-11-24,Thu-Mon,CHI,MIN,+3.5,39.5,18,4600,2,5.6,6.4,6.8,5.5,1.20
Raiders,,DST,,12,2024-11-24,Thu-Mon,LV,DEN,+5.5,40.5,17.5,2500,13,3.0,2.6,2.6,5.5,2.20
Jalen,McMillan,WR,,12,2024-11-24,Thu-Mon,TB,NYG,-5.5,41.5,23.5,4000,12,3.9,5.0,5.0,5.5,1.38
Rams,,DST,,12,2024-11-24,Thu-Mon,LAR,PHI,+2.5,48.5,23,2800,17,11.8,7.8,7.8,5.4,1.93
Devin,Singletary,RB,,12,2024-11-24,Thu-Mon,NYG,TB,+5.5,41.5,18,4900,27,4.2,9.4,8.2,5.4,1.10
Gus,Edwards,RB,,12,2024-11-25,Thu-Mon,LAC,BAL,+2.5,50.5,24,4300,8,3.4,4.6,3.5,5.3,1.23
Patriots,,DST,,12,2024-11-24,Thu-Mon,NE,MIA,+7.5,46.5,19.5,2700,25,3.8,3.8,4.5,5.3,1.96
Noah,Gray,TE,,12,2024-11-24,Thu-Mon,KC,CAR,-10.5,42.5,26.5,3100,31,7.6,6.0,6.0,5.2,1.68
Zamir,White,RB,Q,12,2024-11-24,Thu-Mon,LV,DEN,+5.5,40.5,17.5,4200,16,3.1,6.3,3.9,5.2,1.24
Chig,Okonkwo,TE,,12,2024-11-24,Thu-Mon,TEN,HOU,+8.5,41.5,16.5,2800,3,4.9,4.7,4.7,5.1,1.82
Chargers,,DST,,12,2024-11-25,Thu-Mon,LAC,BAL,+2.5,50.5,24,2700,1,8.2,8.6,8.6,5.1,1.89
Ameer,Abdullah,RB,,12,2024-11-24,Thu-Mon,LV,DEN,+5.5,40.5,17.5,4300,16,4.8,4.4,4.4,5.1,1.19
Austin,Hooper,TE,Q,12,2024-11-24,Thu-Mon,NE,MIA,+7.5,46.5,19.5,3000,20,6.1,4.7,4.7,5.1,1.70
Troy,Franklin,WR,,12,2024-11-24,Thu-Mon,DEN,LV,-5.5,40.5,23,3500,7,5.2,4.6,4.6,5.0,1.43
Tyler,Boyd,WR,,12,2024-11-24,Thu-Mon,TEN,HOU,+8.5,41.5,16.5,3500,25,3.9,4.5,4.5,4.9,1.40
Panthers,,DST,,12,2024-11-24,Thu-Mon,CAR,KC,+10.5,42.5,16,2200,9,2.0,1.7,1.7,4.8,2.18
Cam,Akers,RB,,12,2024-11-24,Thu-Mon,MIN,CHI,-3.5,39.5,21.5,4400,17,4.9,5.6,5.6,4.8,1.09
Colts,,DST,,12,2024-11-24,Thu-Mon,IND,DET,+7.5,50.5,21.5,2300,4,7.6,6.3,6.2,4.8,2.09
Lil'Jordan,Humphrey,WR,,12,2024-11-24,Thu-Mon,DEN,LV,-5.5,40.5,23,3400,7,6.2,5.8,5.3,4.8,1.41
Cowboys,,DST,,12,2024-11-24,Thu-Mon,DAL,WAS,+10.5,45.5,17.5,2400,2,2.8,4.1,4.1,4.8,2.00
Dontayvion,Wicks,WR,,12,2024-11-24,Thu-Mon,GB,SF,-2.5,47.5,25,4300,13,3.8,5.9,5.9,4.7,1.09
Josh,Oliver,TE,Q,12,2024-11-24,Thu-Mon,MIN,CHI,-3.5,39.5,21.5,2900,13,9.0,5.9,5.9,4.6,1.59
Emanuel,Wilson,RB,,12,2024-11-24,Thu-Mon,GB,SF,-2.5,47.5,25,4400,15,4.7,5.3,5.3,4.6,1.05
Jonathon,Brooks,RB,,12,2024-11-24,Thu-Mon,CAR,KC,+10.5,42.5,16,4800,1,,,,4.5,0.94
Jaylen,Wright,RB,,12,2024-11-24,Thu-Mon,MIA,NE,-7.5,46.5,27,4500,22,1.8,2.5,2.5,4.5,1.00
Tim,Patrick,WR,,12,2024-11-24,Thu-Mon,DET,IND,-7.5,50.5,29,3400,19,2.7,5.1,3.9,4.4,1.29
Jaleel,McLaughlin,RB,,12,2024-11-24,Thu-Mon,DEN,LV,-5.5,40.5,23,4500,26,4.8,5.5,5.6,4.4,0.98
Trey,Benson,RB,,12,2024-11-24,Thu-Mon,ARI,SEA,-0.5,47.5,24,4500,23,5.4,4.2,4.2,4.4,0.98
Jalen,Coker,WR,,12,2024-11-24,Thu-Mon,CAR,KC,+10.5,42.5,16,3700,11,7.7,7.0,7.0,4.3,1.16
Calvin,Austin III,WR,,12,2024-11-21,Thu-Mon,PIT,CLE,-3.5,36.5,20,3100,24,5.9,5.7,5.7,4.3,1.39
John,Metchie III,WR,,12,2024-11-24,Thu-Mon,HOU,TEN,-8.5,41.5,25,4400,1,6.1,4.1,4.0,4.3,0.98
Tyjae,Spears,RB,Q,12,2024-11-24,Thu-Mon,TEN,HOU,+8.5,41.5,16.5,4400,5,7.1,8.8,6.8,4.3,0.98
Kendrick,Bourne,WR,,12,2024-11-24,Thu-Mon,NE,MIA,+7.5,46.5,19.5,3600,5,6.3,8.9,5.5,4.3,1.19
Noah,Fant,TE,Q,12,2024-11-24,Thu-Mon,SEA,ARI,+0.5,47.5,23.5,3700,8,7.6,6.6,6.9,4.3,1.16
Raheem,Mostert,RB,,12,2024-11-24,Thu-Mon,MIA,NE,-7.5,46.5,27,5000,22,7.0,8.5,7.2,4.1,0.82
Jalen,Nailor,WR,,12,2024-11-24,Thu-Mon,MIN,CHI,-3.5,39.5,21.5,3600,3,4.9,6.3,6.3,4.0,1.11
Marvin,Mims Jr.,WR,,12,2024-11-24,Thu-Mon,DEN,LV,-5.5,40.5,23,3200,7,5.5,3.5,3.2,4.0,1.25
Olamide,Zaccheaus,WR,,12,2024-11-24,Thu-Mon,WAS,DAL,-10.5,45.5,28,3300,18,3.2,4.4,4.2,4.0,1.21
Justin,Watson,WR,,12,2024-11-24,Thu-Mon,KC,CAR,-10.5,42.5,26.5,3500,14,4.5,3.7,3.7,3.9,1.11
Nelson,Agholor,WR,,12,2024-11-25,Thu-Mon,BAL,LAC,-2.5,50.5,26.5,3300,15,5.4,4.4,4.1,3.8,1.15
Ryan,Flournoy,WR,,12,2024-11-24,Thu-Mon,DAL,WAS,+10.5,45.5,17.5,3000,16,1.5,1.2,1.2,3.7,1.23
JuJu,Smith-Schuster,WR,,12,2024-11-24,Thu-Mon,KC,CAR,-10.5,42.5,26.5,4300,14,6.9,5.3,4.9,3.6,0.84
David,Moore,WR,,12,2024-11-24,Thu-Mon,CAR,KC,+10.5,42.5,16,3200,11,3.9,2.5,2.5,3.6,1.13
Chris,Brooks,RB,,12,2024-11-24,Thu-Mon,GB,SF,-2.5,47.5,25,4000,15,3.0,1.6,1.9,3.6,0.90
Kenneth,Gainwell,RB,,12,2024-11-24,Thu-Mon,PHI,LAR,-2.5,48.5,25.5,4100,10,4.5,3.2,3.2,3.6,0.88
Antonio,Gibson,RB,,12,2024-11-24,Thu-Mon,NE,MIA,+7.5,46.5,19.5,4700,19,2.1,5.3,5.0,3.6,0.77
Greg,Dortch,WR,,12,2024-11-24,Thu-Mon,ARI,SEA,-0.5,47.5,24,3600,21,3.2,4.6,4.6,3.5,0.97
Brevyn,Spann-Ford,TE,,12,2024-11-24,Thu-Mon,DAL,WAS,+10.5,45.5,17.5,2500,11,1.6,1.2,1.2,3.5,1.40
Odell,Beckham Jr.,WR,,12,2024-11-24,Thu-Mon,MIA,NE,-7.5,46.5,27,3300,23,2.3,2.7,1.9,3.4,1.03
Emari,Demercado,RB,Q,12,2024-11-24,Thu-Mon,ARI,SEA,-0.5,47.5,24,4100,23,6.2,4.5,4.5,3.4,0.83
Kalif,Raymond,WR,,12,2024-11-24,Thu-Mon,DET,IND,-7.5,50.5,29,3400,19,5.7,4.8,4.8,3.3,0.97
Lucas,Krull,TE,,12,2024-11-24,Thu-Mon,DEN,LV,-5.5,40.5,23,2500,32,3.0,3.6,2.8,3.3,1.32
Van,Jefferson,WR,,12,2024-11-21,Thu-Mon,PIT,CLE,-3.5,36.5,20,3300,24,3.9,3.4,3.4,3.2,0.97
Ezekiel,Elliott,RB,,12,2024-11-24,Thu-Mon,DAL,WAS,+10.5,45.5,17.5,4600,20,4.2,5.8,4.9,3.2,0.70
Mike,Williams,WR,,12,2024-11-21,Thu-Mon,PIT,CLE,-3.5,36.5,20,4200,24,2.9,3.9,3.5,3.1,0.74
Kylen,Granson,TE,,12,2024-11-24,Thu-Mon,IND,DET,+7.5,50.5,21.5,2500,2,1.9,1.6,1.5,3.1,1.24
Ja'Lynn,Polk,WR,,12,2024-11-24,Thu-Mon,NE,MIA,+7.5,46.5,19.5,3100,5,1.7,3.1,3.1,3.1,1.00
Darnell,Washington,TE,,12,2024-11-21,Thu-Mon,PIT,CLE,-3.5,36.5,20,2800,26,4.2,3.7,3.7,3.0,1.07
Adonai,Mitchell,WR,,12,2024-11-24,Thu-Mon,IND,DET,+7.5,50.5,21.5,3900,29,5.5,4.5,4.2,3.0,0.77
DJ,Turner,WR,,12,2024-11-24,Thu-Mon,LV,DEN,+5.5,40.5,17.5,3800,4,5.7,4.1,4.1,2.9,0.76
KaVontae,Turpin,WR,,12,2024-11-24,Thu-Mon,DAL,WAS,+10.5,45.5,17.5,3300,16,6.8,5.9,5.9,2.9,0.88
Josh,Whyle,TE,,12,2024-11-24,Thu-Mon,TEN,HOU,+8.5,41.5,16.5,2500,3,3.1,3.0,3.0,2.8,1.12
Diontae,Johnson,WR,,12,2024-11-25,Thu-Mon,BAL,LAC,-2.5,50.5,26.5,4500,15,4.8,8.9,8.9,2.8,0.62
Blake,Corum,RB,,12,2024-11-24,Thu-Mon,LAR,PHI,+2.5,48.5,23,4400,6,2.0,1.7,1.7,2.8,0.64
Elijah,Higgins,TE,,12,2024-11-24,Thu-Mon,ARI,SEA,-0.5,47.5,24,2800,18,2.6,3.8,3.8,2.8,1.00
Luke,McCaffrey,WR,,12,2024-11-24,Thu-Mon,WAS,DAL,-10.5,45.5,28,3200,18,1.0,2.2,2.4,2.8,0.88
Dyami,Brown,WR,,12,2024-11-24,Thu-Mon,WAS,DAL,-10.5,45.5,28,3100,18,2.1,3.5,3.2,2.7,0.87
Cordarrelle,Patterson,RB,,12,2024-11-21,Thu-Mon,PIT,CLE,-3.5,36.5,20,4000,7,3.7,3.4,3.3,2.6,0.65
Jahan,Dotson,WR,,12,2024-11-24,Thu-Mon,PHI,LAR,-2.5,48.5,25.5,3900,22,2.0,2.1,2.1,2.6,0.67
Michael,Mayer,TE,,12,2024-11-24,Thu-Mon,LV,DEN,+5.5,40.5,17.5,2700,14,4.3,5.1,1.9,2.6,0.96
Malik,Washington,WR,,12,2024-11-24,Thu-Mon,MIA,NE,-7.5,46.5,27,3100,23,3.8,3.0,3.0,2.6,0.84
Jordan,Akins,TE,,12,2024-11-21,Thu-Mon,CLE,PIT,+3.5,36.5,16.5,2600,16,3.5,4.5,4.5,2.5,0.96
Cade,Stover,TE,,12,2024-11-24,Thu-Mon,HOU,TEN,-8.5,41.5,25,2500,7,2.2,2.0,1.8,2.5,1.00
Mo,Alie-Cox,TE,,12,2024-11-24,Thu-Mon,IND,DET,+7.5,50.5,21.5,2500,2,0.7,2.7,2.4,2.5,1.00
Adam,Trautman,TE,,12,2024-11-24,Thu-Mon,DEN,LV,-5.5,40.5,23,2700,32,4.9,3.0,2.7,2.5,0.93
Jeremy,McNichols,RB,,12,2024-11-24,Thu-Mon,WAS,DAL,-10.5,45.5,28,4100,30,2.9,4.6,4.2,2.5,0.61
Dare,Ogunbowale,RB,,12,2024-11-24,Thu-Mon,HOU,TEN,-8.5,41.5,25,4200,14,0.8,4.4,4.1,2.4,0.57
Tutu,Atwell,WR,,12,2024-11-24,Thu-Mon,LAR,PHI,+2.5,48.5,23,3700,6,4.2,6.7,6.7,2.4,0.65
Samaje,Perine,RB,,12,2024-11-24,Thu-Mon,KC,CAR,-10.5,42.5,26.5,4300,32,6.2,5.2,5.2,2.3,0.53
Julius,Chestnut,RB,,12,2024-11-24,Thu-Mon,TEN,HOU,+8.5,41.5,16.5,4000,5,1.8,0.9,0.9,2.3,0.58
Brock,Wright,TE,,12,2024-11-24,Thu-Mon,DET,IND,-7.5,50.5,29,3300,27,3.3,2.8,2.8,2.3,0.70
Jalen,Reagor,WR,,12,2024-11-25,Thu-Mon,LAC,BAL,+2.5,50.5,24,3000,32,2.1,2.7,2.1,2.3,0.77
JaMycal,Hasty,RB,,12,2024-11-24,Thu-Mon,NE,MIA,+7.5,46.5,19.5,4000,19,4.0,2.5,2.3,2.3,0.58
Kyle,Juszczyk,RB,,12,2024-11-24,Thu-Mon,SF,GB,+2.5,47.5,22.5,4000,18,3.4,3.2,3.2,2.2,0.55
Robert,Woods,WR,,12,2024-11-24,Thu-Mon,HOU,TEN,-8.5,41.5,25,3400,1,2.9,2.2,2.3,2.2,0.65
Grant,Calcaterra,TE,,12,2024-11-24,Thu-Mon,PHI,LAR,-2.5,48.5,25.5,2600,23,3.7,3.9,3.9,2.2,0.85
Colby,Parkinson,TE,,12,2024-11-24,Thu-Mon,LAR,PHI,+2.5,48.5,23,3100,4,3.6,5.3,5.3,2.2,0.71
Deuce,Vaughn,RB,,12,2024-11-24,Thu-Mon,DAL,WAS,+10.5,45.5,17.5,4000,20,1.5,1.6,1.4,2.2,0.55
Bo,Melton,WR,,12,2024-11-24,Thu-Mon,GB,SF,-2.5,47.5,25,3000,13,1.8,1.6,1.6,2.1,0.70
Julian,Hill,TE,,12,2024-11-24,Thu-Mon,MIA,NE,-7.5,46.5,27,2500,12,2.1,1.6,1.8,2.1,0.84
Rakim,Jarrett,WR,,12,2024-11-24,Thu-Mon,TB,NYG,-5.5,41.5,23.5,3100,12,3.8,2.2,4.6,2.1,0.68
Jake,Bobo,WR,,12,2024-11-24,Thu-Mon,SEA,ARI,+0.5,47.5,23.5,3000,17,1.3,1.7,1.7,2.0,0.67
Nick,Vannett,TE,,12,2024-11-24,Thu-Mon,TEN,HOU,+8.5,41.5,16.5,2500,3,3.9,3.1,3.1,1.9,0.76
Nate,Adkins,TE,,12,2024-11-24,Thu-Mon,DEN,LV,-5.5,40.5,23,2600,32,3.1,2.1,2.0,1.8,0.69
Ramel,Keyton,WR,,12,2024-11-24,Thu-Mon,LV,DEN,+5.5,40.5,17.5,3000,4,0.9,0.9,0.9,1.8,0.60
Sean,Tucker,RB,,12,2024-11-24,Thu-Mon,TB,NYG,-5.5,41.5,23.5,4600,21,9.4,5.0,5.0,1.8,0.39
Zay,Jones,WR,,12,2024-11-24,Thu-Mon,ARI,SEA,-0.5,47.5,24,3200,21,2.4,5.2,0.3,1.8,0.56
Ben,Sims,TE,,12,2024-11-24,Thu-Mon,GB,SF,-2.5,47.5,25,2500,6,1.4,0.7,0.7,1.6,0.64
Xavier,Hutchinson,WR,,12,2024-11-24,Thu-Mon,HOU,TEN,-8.5,41.5,25,3200,1,1.5,1.3,1.3,1.6,0.50
Trey,Sermon,RB,,12,2024-11-24,Thu-Mon,IND,DET,+7.5,50.5,21.5,4000,3,2.7,4.5,4.1,1.6,0.40
Tyler,Goodson,RB,,12,2024-11-24,Thu-Mon,IND,DET,+7.5,50.5,21.5,4100,3,4.0,4.0,4.0,1.6,0.39
Tyler,Johnson,WR,,12,2024-11-24,Thu-Mon,LAR,PHI,+2.5,48.5,23,3000,6,4.7,4.6,4.6,1.6,0.53
Mecole,Hardman,WR,,12,2024-11-24,Thu-Mon,KC,CAR,-10.5,42.5,26.5,3100,14,4.9,3.2,3.2,1.5,0.48
Trey,Palmer,WR,,12,2024-11-24,Thu-Mon,TB,NYG,-5.5,41.5,23.5,3800,12,4.9,4.6,3.4,1.5,0.39
Brandon,Powell,WR,,12,2024-11-24,Thu-Mon,MIN,CHI,-3.5,39.5,21.5,3000,3,0.8,1.0,1.0,1.4,0.47
Dameon,Pierce,RB,,12,2024-11-24,Thu-Mon,HOU,TEN,-8.5,41.5,25,4900,14,3.4,2.3,3.4,1.4,0.29
Drew,Ogletree,TE,,12,2024-11-24,Thu-Mon,IND,DET,+7.5,50.5,21.5,2500,2,0.6,2.0,1.8,1.4,0.56
Pierre,Strong Jr.,RB,,12,2024-11-21,Thu-Mon,CLE,PIT,+3.5,36.5,16.5,4000,13,3.0,3.0,2.7,1.3,0.33
Justin,Fields,QB,,12,2024-11-21,Thu-Mon,PIT,CLE,-3.5,36.5,20,5000,15,19.3,17.9,17.2,1.3,0.26
Jordan,Mason,RB,,12,2024-11-24,Thu-Mon,SF,GB,+2.5,47.5,22.5,5000,18,4.3,11.5,11.5,1.3,0.26
Tucker,Fisk,TE,,12,2024-11-25,Thu-Mon,LAC,BAL,+2.5,50.5,24,2500,25,0.3,0.4,0.8,1.3,0.52
Tylan,Wallace,WR,,12,2024-11-25,Thu-Mon,BAL,LAC,-2.5,50.5,26.5,3100,15,5.1,3.0,2.8,1.3,0.42
Deven,Thompkins,WR,,12,2024-11-24,Thu-Mon,CAR,KC,+10.5,42.5,16,3000,11,0.7,0.6,-0.1,1.2,0.40
Gerald,Everett,TE,,12,2024-11-24,Thu-Mon,CHI,MIN,+3.5,39.5,18,2500,9,0.6,1.0,1.0,1.2,0.48
Stone,Smartt,TE,,12,2024-11-25,Thu-Mon,LAC,BAL,+2.5,50.5,24,2500,25,1.2,1.4,0.8,1.2,0.48
Derius,Davis,WR,,12,2024-11-25,Thu-Mon,LAC,BAL,+2.5,50.5,24,3000,32,1.9,1.6,1.4,1.2,0.40
Johnny,Wilson,WR,,12,2024-11-24,Thu-Mon,PHI,LAR,-2.5,48.5,25.5,3000,22,1.5,0.9,0.9,1.2,0.40
Ryan,Miller,WR,,12,2024-11-24,Thu-Mon,TB,NYG,-5.5,41.5,23.5,3200,12,3.8,3.8,4.8,1.2,0.38
Johnny,Mundt,TE,,12,2024-11-24,Thu-Mon,MIN,CHI,-3.5,39.5,21.5,2500,13,1.8,3.2,3.2,1.1,0.44
Eric,Saubert,TE,,12,2024-11-24,Thu-Mon,SF,GB,+2.5,47.5,22.5,2500,21,0.3,1.2,1.2,1.1,0.44
Ashton,Dulin,WR,,12,2024-11-24,Thu-Mon,IND,DET,+7.5,50.5,21.5,3000,29,0.7,0.7,1.8,1.1,0.37
Hassan,Haskins,RB,,12,2024-11-25,Thu-Mon,LAC,BAL,+2.5,50.5,24,4000,8,1.3,0.8,0.8,1.1,0.28
Durham,Smythe,TE,,12,2024-11-24,Thu-Mon,MIA,NE,-7.5,46.5,27,2500,12,0.9,0.7,0.7,1.1,0.44
Carson,Steele,RB,,12,2024-11-24,Thu-Mon,KC,CAR,-10.5,42.5,26.5,4000,32,1.4,1.9,1.9,1.0,0.25
Charlie,Kolar,TE,,12,2024-11-25,Thu-Mon,BAL,LAC,-2.5,50.5,26.5,2500,10,1.1,2.7,2.4,1.0,0.40
John,Bates,TE,,12,2024-11-24,Thu-Mon,WAS,DAL,-10.5,45.5,28,2500,15,1.3,1.0,0.9,1.0,0.40
Ty,Chandler,RB,,12,2024-11-24,Thu-Mon,MIN,CHI,-3.5,39.5,21.5,4000,17,0.4,2.7,2.7,0.9,0.23
Jha'Quan,Jackson,WR,,12,2024-11-24,Thu-Mon,TEN,HOU,+8.5,41.5,16.5,3000,25,0.3,0.1,0.1,0.9,0.30
Eric,Gray,RB,,12,2024-11-24,Thu-Mon,NYG,TB,+5.5,41.5,18,4000,27,0.9,1.4,1.4,0.9,0.23
Jalin,Hyatt,WR,,12,2024-11-24,Thu-Mon,NYG,TB,+5.5,41.5,18,3300,27,1.9,1.1,1.1,0.9,0.27
Pharaoh,Brown,TE,,12,2024-11-24,Thu-Mon,SEA,ARI,+0.5,47.5,23.5,2500,8,0.0,0.6,0.6,0.9,0.36
C.J.,Ham,RB,,12,2024-11-24,Thu-Mon,MIN,CHI,-3.5,39.5,21.5,4000,17,0.0,0.9,0.9,0.8,0.20
Jonathan,Mingo,WR,,12,2024-11-24,Thu-Mon,DAL,WAS,+10.5,45.5,17.5,3700,16,0.2,2.4,2.4,0.8,0.22
Craig,Reynolds,RB,,12,2024-11-24,Thu-Mon,DET,IND,-7.5,50.5,29,4000,24,0.5,0.5,0.5,0.7,0.18
Keaton,Mitchell,RB,,12,2024-11-25,Thu-Mon,BAL,LAC,-2.5,50.5,26.5,4000,4,5.8,7.3,0.0,0.7,0.18
Hunter,Long,TE,,12,2024-11-24,Thu-Mon,LAR,PHI,+2.5,48.5,23,2500,4,1.1,0.9,0.9,0.7,0.28
Jordan,Whittington,WR,,12,2024-11-24,Thu-Mon,LAR,PHI,+2.5,48.5,23,3500,6,5.6,4.8,4.8,0.7,0.20
Ainias,Smith,WR,,12,2024-11-24,Thu-Mon,PHI,LAR,-2.5,48.5,25.5,3000,22,1.0,1.0,1.0,0.7,0.23
Payne,Durham,TE,,12,2024-11-24,Thu-Mon,TB,NYG,-5.5,41.5,23.5,2500,1,0.0,0.2,0.2,0.7,0.28
Laviska,Shenault Jr.,WR,Q,12,2024-11-24,Thu-Mon,SEA,ARI,+0.5,47.5,23.5,3000,17,0.2,0.8,0.8,0.7,0.23
Peyton,Hendershot,TE,,12,2024-11-24,Thu-Mon,KC,CAR,-10.5,42.5,26.5,2500,31,1.1,1.2,1.4,0.6,0.24
Ben,Skowronek,WR,,12,2024-11-21,Thu-Mon,PIT,CLE,-3.5,36.5,20,3000,24,0.6,0.7,0.4,0.6,0.20
Connor,Heyward,TE,,12,2024-11-21,Thu-Mon,PIT,CLE,-3.5,36.5,20,2500,26,0.3,1.3,1.3,0.6,0.24
Shane,Zylstra,TE,,12,2024-11-24,Thu-Mon,DET,IND,-7.5,50.5,29,2500,27,0.6,3.6,0.6,0.6,0.24
Daniel,Bellinger,TE,,12,2024-11-24,Thu-Mon,NYG,TB,+5.5,41.5,18,2500,29,0.4,0.6,0.6,0.6,0.24
Ben,Sinnott,TE,Q,12,2024-11-24,Thu-Mon,WAS,DAL,-10.5,45.5,28,2500,15,2.2,1.1,1.0,0.6,0.24
Raheem,Blackshear,RB,,12,2024-11-24,Thu-Mon,CAR,KC,+10.5,42.5,16,4000,1,0.0,0.0,0.0,0.5,0.13
Allen,Robinson II,WR,,12,2024-11-24,Thu-Mon,DET,IND,-7.5,50.5,29,3000,19,0.6,1.4,0.5,0.5,0.17
Isaiah,Hodgins,WR,,12,2024-11-24,Thu-Mon,NYG,TB,+5.5,41.5,18,3000,27,2.5,3.5,1.1,0.5,0.17
Tip,Reiman,TE,,12,2024-11-24,Thu-Mon,ARI,SEA,-0.5,47.5,24,2500,18,0.2,0.3,0.3,0.5,0.20
Clyde,Edwards-Helaire,RB,,12,2024-11-24,Thu-Mon,KC,CAR,-10.5,42.5,26.5,4000,32,2.2,5.1,,0.4,0.10
DeAndre,Carter,WR,,12,2024-11-24,Thu-Mon,CHI,MIN,+3.5,39.5,18,3000,31,0.6,1.6,1.6,0.4,0.13
Trent,Sherfield Sr.,WR,,12,2024-11-24,Thu-Mon,MIN,CHI,-3.5,39.5,21.5,3000,3,2.9,2.1,2.1,0.4,0.13
Chris,Conley,WR,,12,2024-11-24,Thu-Mon,SF,GB,+2.5,47.5,22.5,3000,10,0.0,0.4,0.2,0.4,0.13
Isaac,Guerendo,RB,,12,2024-11-24,Thu-Mon,SF,GB,+2.5,47.5,22.5,4000,18,6.2,3.4,3.4,0.4,0.10
Malik,Heath,WR,,12,2024-11-24,Thu-Mon,GB,SF,-2.5,47.5,25,3000,13,0.7,1.3,0.8,0.4,0.13
Cody,White,WR,,12,2024-11-24,Thu-Mon,SEA,ARI,+0.5,47.5,23.5,3000,17,3.2,3.2,3.2,0.4,0.13
Marcedes,Lewis,TE,,12,2024-11-24,Thu-Mon,CHI,MIN,+3.5,39.5,18,2500,9,0.2,0.1,0.1,0.3,0.12
Travis,Homer,RB,,12,2024-11-24,Thu-Mon,CHI,MIN,+3.5,39.5,18,4000,2,0.1,0.2,0.3,0.3,0.08
MyCole,Pruitt,TE,O,12,2024-11-21,Thu-Mon,PIT,CLE,-3.5,36.5,20,2500,26,0.8,1.3,0.8,0.3,0.12
Kadarius,Toney,WR,,12,2024-11-21,Thu-Mon,CLE,PIT,+3.5,36.5,16.5,3000,8,2.8,3.7,-0.7,0.3,0.10
Jamari,Thrash,WR,,12,2024-11-21,Thu-Mon,CLE,PIT,+3.5,36.5,16.5,3000,8,0.7,0.7,0.7,0.3,0.10
Joshua,Kelley,RB,,12,2024-11-24,Thu-Mon,TEN,HOU,+8.5,41.5,16.5,4000,5,0.6,1.4,0.0,0.3,0.08
Patrick,Ricard,RB,,12,2024-11-25,Thu-Mon,BAL,LAC,-2.5,50.5,26.5,4000,4,1.8,0.9,0.8,0.3,0.08
DJ,Chark,WR,,12,2024-11-25,Thu-Mon,LAC,BAL,+2.5,50.5,24,3200,32,7.8,6.8,0.0,0.3,0.09
Ronnie,Rivers,RB,,12,2024-11-24,Thu-Mon,LAR,PHI,+2.5,48.5,23,4000,6,0.0,0.6,0.6,0.3,0.08
Will,Shipley,RB,,12,2024-11-24,Thu-Mon,PHI,LAR,-2.5,48.5,25.5,4000,10,0.9,0.5,0.5,0.3,0.08
River,Cracraft,WR,,12,2024-11-24,Thu-Mon,MIA,NE,-7.5,46.5,27,3000,23,1.6,1.2,0.0,0.3,0.10
Jaheim,Bell,TE,,12,2024-11-24,Thu-Mon,NE,MIA,+7.5,46.5,19.5,2500,20,0.2,0.1,0.1,0.3,0.12
Javon,Baker,WR,,12,2024-11-24,Thu-Mon,NE,MIA,+7.5,46.5,19.5,3000,5,0.0,0.0,0.0,0.3,0.10
Chris,Manhertz,TE,,12,2024-11-24,Thu-Mon,NYG,TB,+5.5,41.5,18,2500,29,1.4,0.7,0.7,0.3,0.12
Zach,Pascal,WR,,12,2024-11-24,Thu-Mon,ARI,SEA,-0.5,47.5,24,3000,21,0.0,0.0,0.0,0.3,0.10
Dalvin,Cook,RB,,12,2024-11-24,Thu-Mon,DAL,WAS,+10.5,45.5,17.5,4200,20,1.7,2.3,2.0,0.3,0.07
Hunter,Luepke,RB,Q,12,2024-11-24,Thu-Mon,DAL,WAS,+10.5,45.5,17.5,4000,20,1.3,2.0,2.3,0.3,0.08
Ronnie,Bell,WR,,12,2024-11-24,Thu-Mon,SF,GB,+2.5,47.5,22.5,3000,10,0.4,1.2,0.5,0.2,0.07
J.J.,Taylor,RB,,12,2024-11-24,Thu-Mon,HOU,TEN,-8.5,41.5,25,4000,14,1.3,2.8,1.3,0.2,0.05
Teagan,Quitoriano,TE,,12,2024-11-24,Thu-Mon,HOU,TEN,-8.5,41.5,25,2500,7,0.0,0.3,0.0,0.2,0.08
Justin,Shorter,TE,Q,12,2024-11-24,Thu-Mon,LV,DEN,+5.5,40.5,17.5,2500,14,0.0,0.0,0.0,0.2,0.08
Jeff,Wilson Jr.,RB,,12,2024-11-24,Thu-Mon,MIA,NE,-7.5,46.5,27,4000,22,1.8,2.5,1.8,0.2,0.05
Alec,Ingold,RB,Q,12,2024-11-24,Thu-Mon,MIA,NE,-7.5,46.5,27,4000,22,2.8,1.9,2.4,0.2,0.05
Ko,Kieft,TE,,12,2024-11-24,Thu-Mon,TB,NYG,-5.5,41.5,23.5,2500,1,0.0,0.0,0.0,0.2,0.08
Ihmir,Smith-Marsette,WR,,12,2024-11-24,Thu-Mon,NYG,TB,+5.5,41.5,18,3000,27,0.0,0.6,0.0,0.2,0.07
Kenny,McIntosh,RB,,12,2024-11-24,Thu-Mon,SEA,ARI,+0.5,47.5,23.5,4000,25,0.1,0.2,0.2,0.2,0.05
John,FitzPatrick,TE,,12,2024-11-24,Thu-Mon,GB,SF,-2.5,47.5,25,2500,6,0.4,0.2,0.0,0.1,0.04
Geoff,Swaim,TE,O,12,2024-11-21,Thu-Mon,CLE,PIT,+3.5,36.5,16.5,2500,16,0.3,0.8,0.2,0.0,0.00
Kyle,Allen,QB,O,12,2024-11-21,Thu-Mon,PIT,CLE,-3.5,36.5,20,4000,15,0.0,2.0,0.8,0.0,0.00
D'Onta,Foreman,RB,O,12,2024-11-21,Thu-Mon,CLE,PIT,+3.5,36.5,16.5,4000,13,3.7,3.4,3.1,0.0,0.00
Nyheim,Miller-Hines,RB,O,12,2024-11-21,Thu-Mon,CLE,PIT,+3.5,36.5,16.5,4000,13,2.6,1.9,,0.0,0.00
Jonathan,Ward,RB,O,12,2024-11-21,Thu-Mon,PIT,CLE,-3.5,36.5,20,4000,7,0.4,0.3,0.6,0.0,0.00
Jaelon,Darden,WR,O,12,2024-11-21,Thu-Mon,CLE,PIT,+3.5,36.5,16.5,3000,8,0.3,0.2,0.3,0.0,0.00
Bailey,Zappe,QB,O,12,2024-11-21,Thu-Mon,CLE,PIT,+3.5,36.5,16.5,4000,2,13.5,7.9,,0.0,0.00
MarShawn,Lloyd,RB,O,12,2024-11-24,Thu-Mon,GB,SF,-2.5,47.5,25,4800,15,2.8,2.8,2.8,0.0,0.00
Colton,Dowell,WR,O,12,2024-11-24,Thu-Mon,TEN,HOU,+8.5,41.5,16.5,3000,25,0.3,0.1,,0.0,0.00
Tyler,Higbee,TE,O,12,2024-11-24,Thu-Mon,LAR,PHI,+2.5,48.5,23,3300,4,6.3,6.5,,0.0,0.00
